Country Name,Country Code,Indicator Name,Indicator Code,1960,1961,1962,1963,1964,1965,1966,1967,1968,1969,1970,1971,1972,1973,1974,1975,1976,1977,1978,1979,1980,1981,1982,1983,1984,1985,1986,1987,1988,1989,1990,1991,1992,1993,1994,1995,1996,1997,1998,1999,2000,2001,2002,2003,2004,2005,2006,2007,2008,2009,2010,2011,2012,2013,2014,2015,2016,2017,2018
Aruba,ABW,"Mortality rate, infant (per 1,000 live births)",SP.DYN.IMRT.IN,,,,,,,,,,,,,,,,,,,,,,,,,,,,,,,,,,,,,,,,,,,,,,,,,,,,,,,,,,,
Afghanistan,AFG,"Mortality rate, infant (per 1,000 live births)",SP.DYN.IMRT.IN,240.5,236.2,232.2,228.3,224.6,220.6,216.8,212.8,209.1,205.3,201.3,197.5,193.8,189.7,185.7,181.7,177.6,173.6,169.4,165.1,160.9,156.4,152.2,147.8,143.7,139.5,135.2,131.1,126.9,122.7,118.8,115.1,111.4,108.1,105,102.2,99.5,97,94.7,92.4,90.2,88,85.7,83.4,80.9,78.4,75.8,73.2,70.6,68.1,65.6,63.2,60.9,58.7,56.7,54.9,53.2,51.5,
Angola,AGO,"Mortality rate, infant (per 1,000 live births)",SP.DYN.IMRT.IN,,,,,,,,,,,,,,,,,,,,,139.2,137.7,136.4,135.1,134.1,133.2,132.8,132.4,132.2,132,132,132.1,132.2,132.2,132,131.6,130.8,129.5,127.7,125.3,122.6,119.3,115.5,111.3,106.6,101.8,96.7,91.5,86.4,81.3,76.4,71.9,67.8,64.1,60.9,58.2,55.8,53.8,
Albania,ALB,"Mortality rate, infant (per 1,000 live births)",SP.DYN.IMRT.IN,,,,,,,,,,,,,,,,,,,75.7,70.2,65,60.3,56.1,52.3,48.9,45.7,42.9,40.5,38.3,36.4,34.8,33.4,32.1,30.9,29.7,28.5,27.2,25.9,24.5,23.2,21.8,20.4,19.1,17.8,16.6,15.4,14.3,13.3,12.3,11.5,10.7,10.1,9.5,9,8.6,8.3,8.1,7.8,
Andorra,AND,"Mortality rate, infant (per 1,000 live births)",SP.DYN.IMRT.IN,,,,,,,,,,,,,,,,,,,,,,,,,,9.8,9.3,8.8,8.4,8,7.5,7.2,6.8,6.4,6.1,5.8,5.6,5.3,5.1,4.9,4.7,4.6,4.5,4.3,4.2,4.1,4.1,4,3.9,3.9,3.8,3.7,3.7,3.6,3.5,3.4,3.3,3.2,
Arab World,ARB,"Mortality rate, infant (per 1,000 live births)",SP.DYN.IMRT.IN,,,,,,,,,,,,,,,,,,,,,,,,,,,,,,,58.38751692,56.75067485,55.22101136,53.7899618,52.3671605,50.98654939,49.61520244,48.26355982,46.95115431,45.64683844,44.33044431,43.03655217,41.7439373,40.49585673,39.28043692,38.10532675,36.8880325,35.69457413,34.49002849,33.35316023,32.35308726,31.41645259,30.65605893,29.93913671,29.30270419,28.68035489,28.13720166,27.61057501,
United Arab Emirates,ARE,"Mortality rate, infant (per 1,000 live births)",SP.DYN.IMRT.IN,134.4,128.4,122.2,116.1,109.9,103.5,96.8,90.1,83.6,77.1,71,65.2,59.7,54.8,50.3,46.1,42.2,38.5,35.1,32,29.2,26.6,24.4,22.5,20.9,19.4,18.2,17,16,15.1,14.3,13.6,12.9,12.3,11.8,11.4,11,10.6,10.2,9.9,9.7,9.4,9.1,8.9,8.6,8.3,8.1,7.8,7.6,7.4,7.2,7.1,7,7.1,7.2,7.5,7.7,7.8,
Argentina,ARG,"Mortality rate, infant (per 1,000 live births)",SP.DYN.IMRT.IN,,,,,,,,,,60,59.4,58.8,57.9,56.8,55.2,53.2,50.6,47.4,44,40.6,37.5,34.7,32.4,30.4,28.7,27.4,26.4,25.9,25.7,25.6,25.4,25.1,24.4,23.5,22.6,21.7,20.8,19.9,19.1,18.4,17.7,17,16.3,15.7,15.2,14.7,14.3,14,13.7,13.4,13,12.5,11.9,11.3,10.7,10.2,9.7,9.2,
Armenia,ARM,"Mortality rate, infant (per 1,000 live births)",SP.DYN.IMRT.IN,,,,,,,,,,,,,,,,,70.8,68.2,65.8,63.5,61.3,59.1,57.1,55.1,53.2,51.3,49.5,47.8,49.9,44.2,42.3,40.5,38.7,36.9,35.2,33.5,32,30.5,29.1,27.8,26.5,25.2,24,22.9,21.8,20.7,19.7,18.7,17.8,16.9,16.1,15.3,14.5,13.8,13.1,12.5,11.9,11.3,
American Samoa,ASM,"Mortality rate, infant (per 1,000 live births)",SP.DYN.IMRT.IN,,,,,,,,,,,,,,,,,,,,,,,,,,,,,,,,,,,,,,,,,,,,,,,,,,,,,,,,,,,
Antigua and Barbuda,ATG,"Mortality rate, infant (per 1,000 live births)",SP.DYN.IMRT.IN,,,,,,,,,,,,,,,,,,,,,,,,,,33.3,31.2,29.4,27.5,25.8,24.2,22.6,21.2,19.9,18.7,17.6,16.5,15.5,14.6,13.8,13,12.3,11.7,11.1,10.6,10.1,9.6,9.2,8.7,8.3,7.8,7.4,7,6.6,6.2,5.9,5.6,5.4,
Australia,AUS,"Mortality rate, infant (per 1,000 live births)",SP.DYN.IMRT.IN,20.3,19.9,19.5,19.1,18.7,18.5,18.3,18.2,18.1,18,17.8,17.4,16.8,16.1,15.3,14.4,13.5,12.6,11.9,11.3,10.8,10.4,10.1,9.8,9.6,9.3,9.1,8.8,8.4,8,7.6,7.1,6.7,6.3,6,5.8,5.6,5.4,5.3,5.2,5.1,5,5,4.9,4.8,4.8,4.6,4.5,4.4,4.2,4,3.8,3.6,3.5,3.3,3.2,3.1,3,
Austria,AUT,"Mortality rate, infant (per 1,000 live births)",SP.DYN.IMRT.IN,37.2,35,32.9,31.2,29.6,28.4,27.3,26.4,25.7,25.3,25.1,24.7,24.1,23,21.5,19.8,18.1,16.6,15.5,14.6,13.9,13.2,12.6,11.9,11.3,10.7,10.1,9.4,8.9,8.4,8,7.6,7.2,6.7,6.2,5.7,5.3,5,4.8,4.7,4.6,4.5,4.4,4.3,4.2,4.1,3.9,3.8,3.8,3.7,3.6,3.5,3.3,3.2,3.1,3,3,2.9,
Azerbaijan,AZE,"Mortality rate, infant (per 1,000 live births)",SP.DYN.IMRT.IN,,,,,,,,,,,,,,,,,,,,,,,85.3,83.6,82.1,80.4,79,77.8,76.8,76.2,75.9,76.1,76.3,76.5,76.2,75.2,73.7,71.4,68.3,64.9,61.1,57.3,53.6,50.2,47.1,44.2,41.6,39.2,36.8,34.7,32.6,30.6,28.6,26.8,25.1,23.4,21.9,20.5,
Burundi,BDI,"Mortality rate, infant (per 1,000 live births)",SP.DYN.IMRT.IN,,,,,141.6,142.8,143.8,144.9,145.7,146.3,146.6,146.8,147.1,147.4,147.9,148.2,147.7,146.1,143,138.7,133.1,127.3,121.2,115.3,110.1,106.3,104,103,103.2,104.1,105.4,106.6,107.6,108,107.8,107,105.7,103.8,101.4,98.8,95.9,92.8,89.6,86.3,82.6,78.7,74.6,70.5,66.4,62.6,59.2,56.1,53.1,50.5,48,45.9,44.1,42.5,
Belgium,BEL,"Mortality rate, infant (per 1,000 live births)",SP.DYN.IMRT.IN,29.5,28.1,27,26,25,24.1,23.3,22.5,21.9,21.3,20.5,19.7,18.7,17.7,16.7,15.8,14.9,14.2,13.5,12.8,12.2,11.7,11.2,10.7,10.2,9.9,9.5,9.2,8.9,8.6,8.3,8,7.7,7.2,6.8,6.3,5.9,5.5,5.3,5,4.9,4.7,4.5,4.3,4.3,4.1,4,3.9,3.8,3.7,3.7,3.6,3.5,3.4,3.3,3.2,3.1,3.1,
Benin,BEN,"Mortality rate, infant (per 1,000 live births)",SP.DYN.IMRT.IN,191.4,188.1,184.3,180.1,175.6,171.2,167.2,163.8,161.3,159.1,157.1,155.2,152.8,149.9,146.5,142.7,138.6,134.8,131.4,128.7,126.5,124.7,123,121.3,119.5,117.7,115.8,113.8,111.7,109.5,107.1,104.6,102.1,99.7,97.5,95.8,94.4,93.2,91.9,90.4,88.6,86.5,84.3,82,79.9,77.9,76.3,74.9,73.9,72.9,72.1,71.3,70.4,69.3,68,66.6,65.1,63.5,
Burkina Faso,BFA,"Mortality rate, infant (per 1,000 live births)",SP.DYN.IMRT.IN,155.3,153.7,152.2,150.8,149.5,148.4,147.4,146.6,145.8,145.1,144.3,143.2,141.7,139.3,136.1,132.1,128,123.8,120.1,116.9,114.4,112.2,110.4,108.7,106.9,105.2,103.5,101.8,100.5,99.6,99.1,98.9,98.9,98.8,98.5,97.8,96.8,95.6,94.3,92.9,91.5,90,88.3,86.3,83.9,81.2,78.2,75,71.9,68.9,66,63.2,60.6,58.2,56.1,54.3,52.6,51.2,
Bangladesh,BGD,"Mortality rate, infant (per 1,000 live births)",SP.DYN.IMRT.IN,172.9,168.6,164.7,161.1,157.9,155.2,152.9,151.2,149.8,148.9,148.3,147.9,147.4,146.7,145.8,144.5,142.9,141,138.7,136.1,133.4,130.5,127.5,124.4,121,117.7,114.2,110.7,107.1,103.4,99.7,95.9,92.1,88.3,84.5,80.9,77.3,73.8,70.4,67.1,64,61,58.2,55.5,53,50.4,48,45.6,43.3,41.1,38.9,36.9,35,33.2,31.5,29.8,28.3,26.9,
Bulgaria,BGR,"Mortality rate, infant (per 1,000 live births)",SP.DYN.IMRT.IN,,,,32.6,32.1,31.8,31.4,30.9,30.1,29,27.6,26.5,25.7,25.2,24.7,24.1,23.4,22.6,21.7,20.7,19.7,18.8,18.1,17.3,16.5,15.7,15,14.5,14.2,14.3,14.6,15,15.2,15.4,15.5,15.6,15.6,15.6,15.3,14.9,14.4,13.8,13.1,12.5,11.7,11,10.4,9.9,9.6,9.3,9,8.7,8.3,7.8,7.4,7,6.7,6.3,
Bahrain,BHR,"Mortality rate, infant (per 1,000 live births)",SP.DYN.IMRT.IN,134.4,123.7,113.8,104.8,96.2,88.2,80.7,73.8,67.4,61.6,56.3,51.6,47.3,43.4,40,36.9,34.3,32,30,28.2,26.5,25.1,23.9,22.8,21.9,21.1,20.5,20.1,19.9,19.7,19.6,19.3,18.8,17.9,16.8,15.5,14.3,13.1,12.1,11.3,10.7,10.3,10,9.7,9.4,9.1,8.8,8.4,8,7.6,7.3,7,6.8,6.7,6.6,6.5,6.4,6.3,
"Bahamas, The",BHS,"Mortality rate, infant (per 1,000 live births)",SP.DYN.IMRT.IN,,,,,,,,,25.1,25.7,26.1,26.6,27,27.3,27.5,27.3,27.1,26.7,26.2,25.8,25.2,24.8,24.3,24,23.8,23.3,22.9,22.2,21.4,20.5,19.6,18.7,17.9,17.1,16.3,15.5,14.8,14.2,13.7,13.3,13.1,13,12.9,12.8,12.6,12.4,11.9,11.4,10.8,10.1,9.4,8.7,8.1,7.5,6.9,6.4,6.1,5.8,
Bosnia and Herzegovina,BIH,"Mortality rate, infant (per 1,000 live births)",SP.DYN.IMRT.IN,,,,,,,,,,,,,,,,,,,,,,,,,26.2,24.1,22.1,20.4,18.9,17.5,16.1,14.9,14.4,13.5,12.3,11.6,10.7,10.1,9.6,9,8.7,8.3,8.1,8,7.9,7.8,7.5,7.2,6.9,6.5,6.2,5.9,5.7,5.5,5.4,5.2,5.1,4.9,
Belarus,BLR,"Mortality rate, infant (per 1,000 live births)",SP.DYN.IMRT.IN,,,,,,,,,,,,,,,,,,,,,17.2,16.5,15.8,15.2,14.7,14.2,13.7,13.2,12.7,12.4,12.2,12.1,12.2,12.3,12.4,12.4,12.2,11.9,11.4,10.7,9.9,9.2,8.4,7.7,7.1,6.5,6,5.5,5,4.6,4.2,3.9,3.6,3.4,3.2,3.1,2.9,2.8,
Belize,BLZ,"Mortality rate, infant (per 1,000 live births)",SP.DYN.IMRT.IN,,,,,,,,78.3,75.3,72.4,69.6,67.2,64.8,62.5,60.4,58.4,56.5,54.6,52.9,51.2,49.5,47.8,46.2,44.4,42.6,40.8,38.9,37,35,33.1,31.3,29.6,28.1,26.7,25.4,24.3,23.3,22.4,21.6,20.8,20.1,19.5,18.9,18.5,18.2,17.9,17.6,17.3,17,16.7,16.3,15.8,15.3,14.7,14.1,13.4,12.8,12.2,
Bermuda,BMU,"Mortality rate, infant (per 1,000 live births)",SP.DYN.IMRT.IN,,,,,,,,,,,,,,,,,,,,,,,,,,,,,,,,,,,,,,,,,,,,,,,,,,,,,,,,,,,
Bolivia,BOL,"Mortality rate, infant (per 1,000 live births)",SP.DYN.IMRT.IN,174.4,171.3,168.2,165.1,162,159,155.9,152.8,149.7,146.5,143.3,140,136.7,133.4,130.1,126.7,123.4,120.1,117.1,114.2,111.5,109,106.5,104.1,101.6,99,96.4,93.6,90.8,88,85.3,82.5,79.9,77.2,74.6,71.9,69.2,66.5,63.8,61.1,58.4,55.8,53.2,50.7,48.3,46,43.8,41.6,39.6,37.8,36.1,34.7,33.4,32.2,31.1,30,29,28,
Brazil,BRA,"Mortality rate, infant (per 1,000 live births)",SP.DYN.IMRT.IN,127.6,124.3,121.1,118.1,115.4,112.9,110.7,108.5,106.4,104.2,102,99.6,97.2,94.8,92.5,90,87.6,85.1,82.5,79.7,76.7,73.7,70.8,67.9,65.3,62.9,60.7,58.7,56.6,54.6,52.6,50.4,48.2,45.8,43.4,41,38.6,36.4,34.3,32.3,30.4,28.6,26.8,25.2,23.6,22.1,20.8,19.5,18.5,17.5,16.7,16,15.4,14.9,14.5,14,14.6,13.2,
Barbados,BRB,"Mortality rate, infant (per 1,000 live births)",SP.DYN.IMRT.IN,69.6,65,61.1,57.6,54.5,51.7,49.2,47,45,43,41.2,39.2,37.3,35.4,33.6,31.7,30,28.3,26.7,25.2,23.9,22.7,21.7,20.9,20.1,19.4,18.8,18.1,17.4,16.7,16,15.3,14.7,14.1,13.7,13.4,13.3,13.3,13.4,13.5,13.8,14,14.2,14.4,14.4,14.4,14.2,14,13.8,13.6,13.4,13.1,12.9,12.7,12.4,12.1,11.9,11.5,
Brunei Darussalam,BRN,"Mortality rate, infant (per 1,000 live births)",SP.DYN.IMRT.IN,,,,,,,,,,,,,,,,,,,,,,,11.9,11.6,11.3,11,10.7,10.6,10.4,10.4,10.3,10.3,10.4,10.3,10.2,10.1,9.9,9.8,9.6,9.5,9.6,9.6,9.6,9.6,9.5,9.5,9.4,9.2,9.1,9,8.9,8.9,8.9,8.9,9,9,9,9,
Bhutan,BTN,"Mortality rate, infant (per 1,000 live births)",SP.DYN.IMRT.IN,,,,,,,,,,185.5,179.9,174.6,169.4,164.3,159.2,154.2,149.3,144.7,140.1,135.5,130.8,126.3,121.7,117.4,113.3,109.2,105.1,101,97.1,93.3,89.6,86.1,82.6,79.2,76,72.7,69.5,66.5,63.4,60.6,57.8,55.1,52.5,49.9,47.4,44.9,42.5,40.3,38.1,36.1,34.2,32.5,31.1,29.8,28.6,27.6,26.5,25.6,
Botswana,BWA,"Mortality rate, infant (per 1,000 live births)",SP.DYN.IMRT.IN,115.3,112.1,108.9,105.7,102.7,99.7,96.8,93.9,91,88,85,81.8,78.7,75.4,72.1,68.8,65.6,62.5,59.4,56.6,53.9,51.3,49,46.8,44.8,42.9,41.3,40.1,39.3,39.1,39.5,40.4,41.7,43.1,44.6,46,47.5,48.7,49.7,50.3,50,49.3,48.4,47.4,46.1,42.5,41.1,41.8,41.5,40.3,38.5,38.9,36.8,34.8,34.4,33.1,32.3,30.8,
Central African Republic,CAF,"Mortality rate, infant (per 1,000 live births)",SP.DYN.IMRT.IN,165,162.5,160,157.3,154.5,151.6,148.6,145.5,142.5,139.6,136.9,134.4,132,129.8,127.7,125.9,124.1,122.5,121,119.7,118.5,117.5,116.7,116.2,115.8,115.4,115.1,114.9,114.9,114.9,114.9,114.8,114.8,114.8,114.9,114.9,114.8,114.6,114.1,113.6,113,112.2,111.4,110.6,109.7,108.8,107.6,106.6,105.3,103.6,101.9,99.9,98,96.3,93.9,91.6,89.2,87.6,
Canada,CAN,"Mortality rate, infant (per 1,000 live births)",SP.DYN.IMRT.IN,27.8,26.9,26,25,24,23.1,22.1,21.2,20.3,19.4,18.5,17.6,16.7,15.9,15,14.2,13.3,12.5,11.7,11,10.3,9.7,9.2,8.7,8.3,8,7.7,7.5,7.3,7,6.8,6.6,6.4,6.2,6,5.8,5.6,5.5,5.4,5.3,5.3,5.2,5.2,5.2,5.2,5.2,5.2,5.1,5,5,4.9,4.8,4.8,4.8,4.7,4.7,4.6,4.5,
Central Europe and the Baltics,CEB,"Mortality rate, infant (per 1,000 live births)",SP.DYN.IMRT.IN,,,,,,,,,,,,,,,,,,,,,,,,,,,,,,,16.08745263,15.66595842,15.22010019,14.78881827,14.21830744,13.63165627,13.05413247,12.38206995,11.65341405,10.96817662,10.44122107,9.956604849,9.600729981,9.213237095,8.784887759,8.331819301,7.751795174,7.180442757,6.719275232,6.293143552,6.012544558,5.740492155,5.545905706,5.346362611,5.078932394,4.862616623,4.651530518,4.409623726,
Switzerland,CHE,"Mortality rate, infant (per 1,000 live births)",SP.DYN.IMRT.IN,21.7,21.2,20.8,20.1,19.3,18.4,17.6,16.9,16.3,15.6,15,14.3,13.6,12.8,12,11.2,10.4,9.8,9.2,8.8,8.4,8,7.8,7.6,7.4,7.3,7.2,7.1,7,6.8,6.6,6.4,6.1,5.8,5.5,5.2,5,4.9,4.8,4.7,4.7,4.6,4.6,4.5,4.4,4.3,4.2,4.1,4,4,3.9,3.9,3.9,3.8,3.8,3.8,3.8,3.7,
Channel Islands,CHI,"Mortality rate, infant (per 1,000 live births)",SP.DYN.IMRT.IN,,,,,,,,,,,,,,,,,,,,,,,,,,,,,,,,,,,,,,,,,,,,,,,,,,,,,,,,,,,
Chile,CHL,"Mortality rate, infant (per 1,000 live births)",SP.DYN.IMRT.IN,131.3,124.1,118.7,113.4,106.3,96.8,87.1,78.9,72.6,68.6,66.5,65.4,64.5,63,59.6,54.1,47.7,41.1,35.3,31,27.9,25.3,22.8,20.7,19.4,18.9,18.7,18.5,18,17.2,16.1,15.1,13.9,12.8,11.9,11.1,10.6,10.3,10.1,9.8,9.2,8.7,8.3,8.1,7.9,7.8,7.7,7.7,7.7,7.7,7.5,7.2,7.2,7.1,6.9,6.7,6.6,6.3,
China,CHN,"Mortality rate, infant (per 1,000 live births)",SP.DYN.IMRT.IN,,,,,,,,,,82.9,79.3,75.7,72.3,68.8,65.4,62,58.6,55.4,52.6,50.1,47.9,46,44.5,43.4,42.6,42.2,42.1,42.1,42.2,42.2,42.1,41.7,41.1,40.1,39,37.7,36.4,34.9,33.4,31.8,30.1,28.2,26.2,24.1,22.2,20.3,18.6,17.1,15.8,14.6,13.6,12.6,11.6,10.8,10,9.2,8.6,8,
Cote d'Ivoire,CIV,"Mortality rate, infant (per 1,000 live births)",SP.DYN.IMRT.IN,212.8,207.1,201.4,196.1,190.9,186,181.1,176.3,171.6,167,162.3,157.4,152.1,146.6,141,135.2,129.6,124.3,119.9,116.2,113.2,110.8,108.8,107.4,106.2,105.3,104.7,104.3,104.1,104.1,104.1,104.2,104.3,104.4,104.4,104.3,103.8,103,101.9,100.4,98.7,96.7,94.7,92.6,90.3,87.9,85.8,83.4,80.8,78.7,76.8,75.1,73.1,71.2,69.5,67.8,66,64.2,
Cameroon,CMR,"Mortality rate, infant (per 1,000 live births)",SP.DYN.IMRT.IN,164.6,160.9,157.9,155.5,152.8,149.4,145.4,140.8,135.4,130.2,125.3,121.1,117.9,115.8,114.5,113.9,113.7,113.2,112.4,110.9,108.8,106.2,103.1,99.7,96.2,92.9,90,87.8,86.3,85.8,86,86.9,88.2,89.6,91.1,92.3,93.2,93.7,93.6,92.9,91.6,89.8,87.7,85.5,83.3,81.2,79,76.8,74.2,71.9,69.1,66.8,64.4,62.1,60.3,58.2,56.6,55.1,
"Congo, Dem. Rep.",COD,"Mortality rate, infant (per 1,000 live births)",SP.DYN.IMRT.IN,,,,,,,,,,149.7,148.2,146.7,145.1,143.5,141.7,140.1,138.4,136.7,134.9,133.3,131.7,130.2,128.7,127.4,126.2,125,123.9,122.8,121.8,120.7,119.7,118.6,117.7,116.8,115.9,114.9,113.9,112.6,111.1,109.4,107.5,105.4,103.2,101,98.6,96.3,93.9,91.6,89.2,87,84.8,82.5,80.4,78.3,76.1,74.1,72.1,70,
"Congo, Rep.",COG,"Mortality rate, infant (per 1,000 live births)",SP.DYN.IMRT.IN,109.9,107.8,105.7,103.6,101.4,99.1,96.6,94.2,91.9,89.7,87.5,85.4,83.2,81.4,79.5,77.5,75.7,74,72.2,70.6,68.8,67.2,65.6,63.9,62.3,60.9,59.6,58.8,58.3,58.4,58.8,59.7,60.9,62.4,64.3,66.3,68.5,70.5,72.1,72.8,72.5,71.2,68.8,65.6,62,58.1,54.4,51,48,45.6,43.6,42,40.5,39.2,38,36.9,35.8,34.7,
Colombia,COL,"Mortality rate, infant (per 1,000 live births)",SP.DYN.IMRT.IN,93.9,91.1,88.4,85.9,83.5,81.3,79.1,76.9,74.8,72.6,70.4,68.1,65.8,63.3,60.8,58.2,55.4,52.7,49.9,47.2,44.6,42.2,40,37.9,36,34.4,33,31.7,30.7,29.7,28.9,28.1,27.3,26.4,25.6,24.8,24,23.2,22.5,21.8,21.2,20.6,20,19.5,19,18.4,17.9,17.4,16.9,16.4,15.9,15.4,14.9,14.4,14,13.5,13.1,12.7,
Comoros,COM,"Mortality rate, infant (per 1,000 live births)",SP.DYN.IMRT.IN,,,,,,,,,,,150,147.1,144.1,141.3,138.4,135.3,132.1,128.8,125.4,121.8,118.3,114.8,111.4,108,104.7,101.5,98.4,95.6,92.9,90.3,87.7,85.2,82.8,80.6,78.6,76.9,75.5,74.5,73.6,73.1,72.7,72.4,72.3,72,71.4,70.3,69,67.5,65.9,64.3,62.6,60.9,59.5,57.9,56.4,54.9,53.6,52.2,
Cabo Verde,CPV,"Mortality rate, infant (per 1,000 live births)",SP.DYN.IMRT.IN,,,,,,,,,,126,116.8,108.4,100.7,93.7,87.3,81.7,76.9,72.9,69.5,67,65.1,63.7,62.7,61.7,60.5,58.9,56.7,54.3,51.9,49.7,48.2,47.2,46.7,46.3,45.8,44.6,42.4,39.5,36,32.4,29.2,26.5,24.5,23.2,22.5,22.2,22.1,22.1,21.9,21.7,21.2,20.6,19.8,18.9,17.9,16.9,15.9,15,
Costa Rica,CRI,"Mortality rate, infant (per 1,000 live births)",SP.DYN.IMRT.IN,,,,,,69.3,66.3,64.2,63.1,62.9,61.5,57.7,52.3,47.1,42.7,38.1,33,28.1,24.1,21.4,19.8,19.2,19.2,19.4,19.5,19.2,18.3,17,15.8,14.9,14.3,13.8,13.4,13,12.7,12.5,12.6,12.7,12.4,11.8,11.1,10.5,10.1,9.6,9.3,9,9,9,9,8.8,8.7,8.6,8.5,8.4,8.3,8.2,8,7.8,
Caribbean small states,CSS,"Mortality rate, infant (per 1,000 live births)",SP.DYN.IMRT.IN,,,,,,,,,,,,,,,,,,,,,,,,,,,,,,,29.59474873,28.91292381,28.17432201,27.53494344,26.86804091,26.20636863,25.62765823,25.00575167,24.45406949,23.9812532,23.47146243,23.0303946,22.62298082,22.27866464,21.9585349,21.67024346,21.3575279,21.06425845,20.68651573,20.28756336,19.89168377,19.42671895,18.94541731,18.43953475,17.90748844,17.37256719,16.84635045,16.32311858,
Cuba,CUB,"Mortality rate, infant (per 1,000 live births)",SP.DYN.IMRT.IN,,,,41.7,40.6,39.7,39.4,39.6,39.6,39.1,37.4,34.5,31,27.9,26.1,24.8,23.1,20.8,18.7,17.4,16.7,16.5,16.2,16,15.6,15,14.1,13.2,12.2,11.3,10.5,9.8,9.2,8.8,8.5,8.3,8.1,7.6,7.1,6.6,6.3,6.1,6,6,5.8,5.6,5.4,5.1,5,4.8,4.6,4.5,4.5,4.4,4.3,4.3,4.2,4.1,
Curacao,CUW,"Mortality rate, infant (per 1,000 live births)",SP.DYN.IMRT.IN,,,,,,,,,,,,,,,,,,,,,,,,,,,,,,,,,,,,,,,,,,,,,,,,,,,,,,,,,,,
Cayman Islands,CYM,"Mortality rate, infant (per 1,000 live births)",SP.DYN.IMRT.IN,,,,,,,,,,,,,,,,,,,,,,,,,,,,,,,,,,,,,,,,,,,,,,,,,,,,,,,,,,,
Cyprus,CYP,"Mortality rate, infant (per 1,000 live births)",SP.DYN.IMRT.IN,,,,,,,,,,,,,,,,,,,,20.7,19.1,17.6,16.1,14.7,13.4,12.2,11.4,10.7,10.3,10.1,9.9,9.6,9.3,8.9,8.4,8,7.5,7,6.6,6.1,5.7,5.3,5,4.6,4.3,4.1,3.8,3.6,3.4,3.2,3,2.8,2.7,2.5,2.4,2.3,2.2,2.1,
Czech Republic,CZE,"Mortality rate, infant (per 1,000 live births)",SP.DYN.IMRT.IN,,,,,,,,,,,,,,,,,,,,,,13.4,13,12.7,12.4,12.3,12,11.5,11.1,10.7,10.3,9.9,9.3,8.6,7.9,7.1,6.4,5.8,5.2,4.8,4.5,4.3,4.1,3.9,3.7,3.5,3.4,3.2,3,2.8,2.7,2.6,2.5,2.5,2.5,2.5,2.6,2.6,
Germany,DEU,"Mortality rate, infant (per 1,000 live births)",SP.DYN.IMRT.IN,,,,,,,,,23.5,22.7,22,21.4,20.6,19.7,18.8,17.7,16.5,15.5,14.4,13.5,12.6,11.8,11,10.4,9.8,9.2,8.8,8.2,7.8,7.4,7,6.5,6.2,5.9,5.5,5.3,5.1,4.8,4.6,4.5,4.4,4.3,4.2,4.1,4,3.9,3.8,3.7,3.6,3.6,3.5,3.4,3.3,3.3,3.3,3.3,3.2,3.1,
Djibouti,DJI,"Mortality rate, infant (per 1,000 live births)",SP.DYN.IMRT.IN,,,,,,,,,,,,,,,,,130,126.6,123.4,120.1,117.1,114.2,111.4,108.5,105.7,103,100.5,98.2,96,94,92.2,90.6,89.3,88.2,87.3,86.4,85.4,84.3,83.1,81.7,80.3,78.7,76.9,75.2,73.4,71.7,69.8,67.9,66.1,64.3,62.6,60.9,59.3,57.7,56.1,54.5,53,51.5,
Dominica,DMA,"Mortality rate, infant (per 1,000 live births)",SP.DYN.IMRT.IN,85.7,79.4,73.7,68.6,64.1,60.2,56.9,53.9,51,48,44.8,41,37,32.9,28.9,25.4,22.3,19.8,17.8,16.2,15.1,14.4,13.9,13.7,13.6,13.6,13.7,13.8,13.9,14.1,14.2,14.3,14.3,14.3,14.2,14.1,14,13.8,13.7,13.6,13.4,13.4,13.4,13.6,13.8,14.3,14.8,15.6,16.5,17.6,18.9,20.5,22.4,24.4,26.6,28.8,30.4,31.5,
Denmark,DNK,"Mortality rate, infant (per 1,000 live births)",SP.DYN.IMRT.IN,21.3,20.8,20.2,19.5,18.7,17.9,16.9,16,15.3,14.5,13.9,13.2,12.5,11.6,10.9,10.2,9.6,9.2,8.8,8.5,8.3,8,7.9,7.9,7.9,8,8,8,7.9,7.7,7.3,6.9,6.5,6.1,5.7,5.4,5.1,5,4.8,4.6,4.6,4.5,4.4,4.3,4.2,4,3.8,3.8,3.6,3.5,3.5,3.5,3.5,3.5,3.6,3.6,3.7,3.7,
Dominican Republic,DOM,"Mortality rate, infant (per 1,000 live births)",SP.DYN.IMRT.IN,101.8,101,99.9,98.6,97.2,95.5,93.8,92,90.2,88.4,86.5,84.4,82.2,79.8,77.3,74.8,72.3,70,67.8,65.7,63.6,61.7,59.8,57.9,56.2,54.5,52.8,51.2,49.6,48,46.4,44.8,43.3,41.7,40.2,38.8,37.4,36.2,35.1,34.1,33.2,32.4,31.7,31.1,30.6,30.1,29.7,29.3,29,28.7,28.3,28,27.7,27.2,26.8,26.2,25.6,25,
Algeria,DZA,"Mortality rate, infant (per 1,000 live births)",SP.DYN.IMRT.IN,146.1,146.3,146.6,147,147.6,148.1,148.5,148.6,148.2,147.1,145.3,142.9,139.9,136.3,132.2,127.8,123.1,118.3,113.2,107.7,101.6,94.4,86,76.7,67.4,59.3,52.9,48.4,45.2,43.2,41.8,40.9,40,39.1,38.1,37.2,36.3,35.5,34.9,34.4,33.9,33.3,32.4,31.3,30.1,28.8,27.5,26.4,25.3,24.3,23.5,22.9,22.4,22.1,21.8,21.4,21,20.6,
East Asia & Pacific (excluding high income),EAP,"Mortality rate, infant (per 1,000 live births)",SP.DYN.IMRT.IN,,,,,,,,,,,,,,,,,,,,,,,,,,,,,,,45.45833478,44.71154338,43.86382047,42.77575887,41.67986323,40.44029301,39.22241432,37.86339994,36.4984025,35.0284888,33.50206182,31.84137774,30.10879822,28.35672541,26.95559889,25.18872901,23.75290188,22.42235371,21.39451994,20.10910033,19.10788599,18.12917542,17.18286897,16.40020837,15.65410499,14.94114353,14.37776596,13.79162555,
Early-demographic dividend,EAR,"Mortality rate, infant (per 1,000 live births)",SP.DYN.IMRT.IN,,,,,,,,,,,,,,,,,,,,,,,,,,,,,,,77.37275369,75.36679488,73.4027077,71.57150047,69.7617597,67.83749575,65.92411921,63.95148078,61.99031105,59.99296387,57.97992461,55.96300637,54.00975076,52.0779544,50.28109546,48.38028752,46.64751448,44.85673858,43.20635849,41.40587572,39.85925726,38.15650561,36.61298476,35.15889238,33.78442476,32.46444724,31.26298482,30.11761715,
East Asia & Pacific,EAS,"Mortality rate, infant (per 1,000 live births)",SP.DYN.IMRT.IN,,,,,,,,,,,,,,,,,,,,,,,,,,,,,,,43.3,42.5,41.6,40.5,39.3,38.1,36.9,35.6,34.3,32.9,31.5,30,28.4,26.8,25.4,23.8,22.5,21.2,20.3,19.1,18.1,17.2,16.3,15.5,14.8,14.2,13.6,13.1,
Europe & Central Asia (excluding high income),ECA,"Mortality rate, infant (per 1,000 live births)",SP.DYN.IMRT.IN,,,,,,,,,,,,,,,,,,,,,,,,,,,,,,,37.69712467,37.54539253,37.54951122,37.50113864,37.26156045,36.670596,35.77885171,34.61049985,33.23076128,31.68854673,30.09356568,28.44726165,26.82961765,25.27541071,23.78613324,22.38265834,21.09075765,19.85227599,18.72102864,17.69437172,16.75357898,15.90988536,15.09128989,14.29647202,13.54992356,12.7923232,12.0940834,11.43137856,
Europe & Central Asia,ECS,"Mortality rate, infant (per 1,000 live births)",SP.DYN.IMRT.IN,,,,,,,,,,,,,,,,,,,,,,,,,,,,,,,25,24.5,24.1,23.7,23.2,22.5,21.7,20.8,19.9,18.9,18,17,16.1,15.3,14.5,13.7,13,12.4,11.8,11.2,10.8,10.3,9.9,9.4,9,8.6,8.1,7.7,
Ecuador,ECU,"Mortality rate, infant (per 1,000 live births)",SP.DYN.IMRT.IN,119.8,116.4,113.3,110.3,107.6,105.2,103,101,99.3,97.6,95.8,93.7,91.3,88.6,85.4,82.1,78.8,75.7,72.8,70,67.1,64.3,61.3,58.4,55.5,52.8,50.4,48.2,46.1,44.2,42.4,40.6,38.7,36.9,35,33,31.1,29.1,27.4,25.7,24.3,23.1,22,21.1,20.2,19.4,18.7,17.9,17.2,16.4,15.7,15,14.4,13.8,13.4,13,12.7,12.5,
"Egypt, Arab Rep.",EGY,"Mortality rate, infant (per 1,000 live births)",SP.DYN.IMRT.IN,210.5,203.6,196.6,189.9,183.7,178.2,173.5,169.8,166.8,164.4,162.3,160.1,157.3,153.6,149,143.8,138,131.9,125.8,119.8,114.1,108.3,102.4,96.3,89.9,83.8,78.2,73.3,69.1,65.8,62.9,60.2,57.6,55,52.2,49.5,46.7,44.1,41.6,39.4,37.3,35.4,33.7,32.2,30.8,29.6,28.4,27.3,26.2,25.2,24.3,23.3,22.4,21.6,20.9,20.1,19.4,18.8,
Euro area,EMU,"Mortality rate, infant (per 1,000 live births)",SP.DYN.IMRT.IN,,,,,,,,,,,,,,,,,,,,,,,,,,,,,,,7.958570781,7.597832022,7.24777067,6.843792878,6.414814359,6.027594275,5.671018698,5.372205826,5.11950604,4.94287661,4.755804995,4.614733628,4.45699572,4.265984095,4.13894856,3.990449468,3.860597152,3.741816418,3.640038141,3.554437299,3.476151225,3.4127978,3.320929731,3.272968672,3.228590101,3.227564722,3.171775671,3.133373077,
Eritrea,ERI,"Mortality rate, infant (per 1,000 live births)",SP.DYN.IMRT.IN,,,,,,,,,,,,,,,125.8,123.3,121,118.9,117,115.4,113.8,112.2,110.7,109,107.3,105.5,103.4,101.2,98.7,95.8,92.7,89.2,85.4,81.6,77.6,73.8,70.1,66.8,63.6,60.6,57.9,55.4,53.1,50.9,48.8,46.9,45.2,43.5,41.9,40.5,39.2,38,36.8,35.8,34.7,33.9,32.9,32.1,
Spain,ESP,"Mortality rate, infant (per 1,000 live births)",SP.DYN.IMRT.IN,38.4,35.9,33.7,31.9,30.3,28.8,27.4,26,24.4,22.5,20.5,18.7,17.3,16.4,16.1,16.3,16.4,15.9,14.8,13.6,12.4,11.3,10.7,10.1,9.6,9.2,8.8,8.4,8.1,7.7,7.5,7.1,6.8,6.4,6,5.5,5.1,4.9,4.6,4.5,4.3,4.3,4.2,4,4,3.8,3.7,3.6,3.4,3.3,3.1,3.1,3,2.9,2.8,2.7,2.6,2.6,
Estonia,EST,"Mortality rate, infant (per 1,000 live births)",SP.DYN.IMRT.IN,,,,,,,,,,,,,,,,,,,,,17.8,17,16.5,15.9,15.4,15,14.7,14.5,14.3,14.2,14,14,13.8,13.5,13.1,12.5,11.9,11.1,10.3,9.6,8.8,8.1,7.4,6.8,6.2,5.7,5.2,4.7,4.3,4,3.6,3.3,3.1,2.9,2.6,2.5,2.3,2.1,
Ethiopia,ETH,"Mortality rate, infant (per 1,000 live births)",SP.DYN.IMRT.IN,,,,,,,143.6,143.4,143.3,143.3,143.4,143.4,143.4,143.3,143.2,143.2,143.2,143.1,142.8,142.2,141.2,139.8,138,135.8,133.4,131.1,128.9,126.8,124.7,122.5,120.2,117.7,114.8,111.7,108.2,104.7,101.2,97.8,94.6,91.4,88.2,84.9,81.5,77.9,74.3,70.7,67.2,63.9,60.8,57.9,55.3,52.7,50.4,48.2,46.1,44.2,42.5,41,
European Union,EUU,"Mortality rate, infant (per 1,000 live births)",SP.DYN.IMRT.IN,,,,,,,,,,,,,,,,,,,,,,,,,,,,,,,9.866261952,9.40178121,8.957433144,8.474975889,8.001785341,7.562285974,7.153349015,6.792492405,6.44114086,6.153171993,5.889174448,5.682493306,5.494772495,5.297149783,5.135796602,4.929801398,4.72218665,4.527015872,4.362978623,4.200209123,4.069347778,3.949873996,3.840372103,3.740274516,3.647212555,3.604476013,3.516275872,3.446861405,
Fragile and conflict affected situations,FCS,"Mortality rate, infant (per 1,000 live births)",SP.DYN.IMRT.IN,,,,,,,,,,,,,,,,,,,,,,,,,,,,,,,96.61488928,95.36865243,94.17933734,93.01359943,91.82952457,90.58090576,89.22152509,87.68070422,86.0139159,84.2052823,82.30251819,80.31408455,78.31321106,76.30810222,74.30228931,72.33966623,70.38322522,68.39081695,66.73282087,64.55599572,63.29739719,61.06631606,59.41684806,57.90391907,56.45501249,55.13607178,53.83816774,52.51401626,
Finland,FIN,"Mortality rate, infant (per 1,000 live births)",SP.DYN.IMRT.IN,22,20.6,19.5,18.4,17.4,16.6,15.8,15.1,14.4,13.8,13.2,12.6,12,11.4,10.7,10.1,9.4,8.7,8.1,7.6,7.1,6.8,6.5,6.3,6.1,6,6,5.9,5.8,5.7,5.5,5.3,5,4.7,4.5,4.3,4.1,3.9,3.7,3.6,3.5,3.4,3.3,3.3,3.2,3.1,3,2.8,2.7,2.6,2.5,2.4,2.3,2.2,2.1,2,1.9,1.9,
Fiji,FJI,"Mortality rate, infant (per 1,000 live births)",SP.DYN.IMRT.IN,57.2,55.1,53.2,51.5,50,48.7,47.5,46.5,45.6,45,44.5,44.1,43.8,43.4,42.8,42.1,41.2,40,38.6,37.1,35.5,34,32.5,31.2,30,28.9,27.9,27,26.1,25.2,24.3,23.5,22.7,22.1,21.5,21,20.6,20.3,20,19.7,19.5,19.3,19.2,19.2,19.4,19.6,19.9,20.1,20.2,20.3,20.3,20.3,20.4,20.4,20.6,20.8,21.1,21.4,
France,FRA,"Mortality rate, infant (per 1,000 live births)",SP.DYN.IMRT.IN,23.7,22.4,21.3,20.3,19.3,18.5,17.7,17.1,16.4,15.8,15.1,14.3,13.7,13.2,12.7,12.3,11.9,11.5,11,10.6,10.2,9.8,9.5,9.1,8.8,8.5,8.3,8.1,7.9,7.7,7.4,7.1,6.7,6.2,5.8,5.4,5,4.8,4.6,4.5,4.4,4.3,4.2,4,3.9,3.8,3.7,3.6,3.6,3.5,3.5,3.5,3.4,3.4,3.4,3.5,3.5,3.5,
Faroe Islands,FRO,"Mortality rate, infant (per 1,000 live births)",SP.DYN.IMRT.IN,,,,,,,,,,,,,,,,,,,,,,,,,,,,,,,,,,,,,,,,,,,,,,,,,,,,,,,,,,,
"Micronesia, Fed. Sts.",FSM,"Mortality rate, infant (per 1,000 live births)",SP.DYN.IMRT.IN,,,,,,,,,,,,,,,,,,,,,,44.1,44.6,45,45.3,45.3,45,44.6,44.1,43.5,43,42.8,42.7,42.7,42.9,43,43.2,43.3,43,42.6,41.9,41.2,40.3,39.3,38.4,37.4,36.4,35.4,34.4,33.4,32.6,31.7,30.8,29.9,29,28.2,27.4,26.7,
Gabon,GAB,"Mortality rate, infant (per 1,000 live births)",SP.DYN.IMRT.IN,,,,,,,,,,,,,,,,,,,78.8,76.4,74,71.7,69.6,67.7,66,64.5,63.2,62.2,61.4,60.7,60.2,59.6,59.1,58.6,58.1,57.6,57.1,56.5,55.8,55,54.2,53.3,52.3,51.2,50.2,49,48,46.6,45.4,44.2,42.9,41.7,40.4,39.3,38.5,37.4,36.1,35.1,
United Kingdom,GBR,"Mortality rate, infant (per 1,000 live births)",SP.DYN.IMRT.IN,22.9,22.4,22,21.4,20.8,20.1,19.6,19.1,18.7,18.4,18,17.7,17.1,16.6,16,15.4,14.7,14.1,13.4,12.7,12,11.4,10.8,10.4,10,9.7,9.5,9.2,8.9,8.4,7.9,7.4,7,6.5,6.3,6.1,5.9,5.9,5.8,5.7,5.5,5.4,5.3,5.3,5.3,5.1,5,4.9,4.8,4.6,4.4,4.2,4.1,3.9,3.8,3.8,3.7,3.7,
Georgia,GEO,"Mortality rate, infant (per 1,000 live births)",SP.DYN.IMRT.IN,,,,,,,,,,,,,,,,56.2,54.7,53.3,51.8,50.4,49,47.7,46.5,45.3,44.3,43.4,42.7,42.1,41.6,41.2,40.8,40.4,39.9,39.4,38.7,37.9,36.9,35.7,34.3,32.7,30.9,29.1,27.2,25.3,23.5,21.7,20.1,18.6,17.2,15.9,14.8,13.8,13,12.2,11.5,10.8,10.2,9.7,
Ghana,GHA,"Mortality rate, infant (per 1,000 live births)",SP.DYN.IMRT.IN,124.2,122.9,121.9,121.2,120.6,120.4,120.4,120.6,120.6,120.5,120.1,119.4,118.2,116.4,114.1,111.4,108.7,106,103.7,102,100.8,99.9,99.1,98.1,96.6,94.4,91.7,88.6,85.4,82.2,79.3,76.9,75,73.5,72.4,71.4,70.3,69.1,67.6,65.9,64.1,62.2,60.4,58.9,57.6,56.4,55.3,54,52.6,50.9,48.9,46.9,44.8,42.8,40.7,38.9,37.2,35.7,
Gibraltar,GIB,"Mortality rate, infant (per 1,000 live births)",SP.DYN.IMRT.IN,,,,,,,,,,,,,,,,,,,,,,,,,,,,,,,,,,,,,,,,,,,,,,,,,,,,,,,,,,,
Guinea,GIN,"Mortality rate, infant (per 1,000 live births)",SP.DYN.IMRT.IN,,,,,,,199.9,198.1,196.2,194.2,192.2,190.2,188.1,186,183.9,181.4,178.8,176,173.1,170.2,167.1,164.2,161.4,158.6,155.8,153.1,150.4,147.6,144.8,141.8,138.6,135.2,131.5,127.8,124.1,120.2,116.4,112.5,108.5,104.6,100.5,96.4,92.4,88.7,85.2,82,79.1,76.4,73.9,71.6,69.5,67.4,65.4,63.5,61.6,59.8,58.1,56.4,
"Gambia, The",GMB,"Mortality rate, infant (per 1,000 live births)",SP.DYN.IMRT.IN,152.3,149.9,147.6,145.3,143,140.7,138.6,136.4,134.2,132.1,129.8,127.4,125.2,122.9,120.4,118.1,115.6,113.3,111.1,109,106.7,104.4,102.1,99.6,97.1,94.6,92,89.5,87.1,84.7,82.4,80.2,78.1,76,74.1,72.2,70.3,68.5,66.8,65.1,63.4,61.8,60.1,58.5,57,55.4,53.9,52.5,51.2,49.9,48.7,47.6,46.4,45.4,44.2,43.3,42.3,41.4,
Guinea-Bissau,GNB,"Mortality rate, infant (per 1,000 live births)",SP.DYN.IMRT.IN,,,,,,,,,,,,,,,,,,,,,,,,,,144.5,141.9,139.5,137.1,134.7,132.3,129.9,127.5,125,122.5,119.8,117.1,114.4,111.6,108.9,106.1,103.1,99.9,96.7,93.3,89.8,86.2,82.6,79.1,75.6,72.3,69.1,66.2,63.6,61.4,59.3,57.4,55.6,
Equatorial Guinea,GNQ,"Mortality rate, infant (per 1,000 live births)",SP.DYN.IMRT.IN,,,,,,,,,,,,,,,,,,,,,,,133.8,131.4,129,126.9,125.3,123.8,122.8,121.9,121,120.1,119.3,118.6,117.8,116.8,115.6,114.1,112.2,110,107.5,105,102.3,99.6,96.9,94,91.2,88.4,85.7,83,80.5,78.2,76,73.8,71.5,69.4,67.4,65.3,
Greece,GRC,"Mortality rate, infant (per 1,000 live births)",SP.DYN.IMRT.IN,38.9,38.2,37.3,36.2,35.3,34.4,33.5,32.5,31.2,29.4,27.6,25.9,24.9,24.4,24,23.3,22.3,21.2,19.9,18.6,17.4,16.2,15.2,14.4,13.7,13,12.2,11.4,10.5,9.8,9.2,8.7,8.4,8,7.7,7.4,7.1,6.7,6.3,6,5.5,5.1,4.8,4.4,4.2,3.9,3.6,3.4,3.3,3.3,3.2,3.2,3.3,3.5,3.6,3.9,4.2,4.3,
Grenada,GRD,"Mortality rate, infant (per 1,000 live births)",SP.DYN.IMRT.IN,,,,,,,,,,,,,,,,,,,,,,,,,19.8,19.7,19.6,19.4,19.1,18.6,18.1,17.4,16.8,16.1,15.5,15,14.5,14.1,13.8,13.5,13.2,13,12.7,12.5,12.4,12.3,12.2,12.2,12.3,12.5,12.7,13.1,13.4,13.9,14.4,14.8,15.1,15.3,
Greenland,GRL,"Mortality rate, infant (per 1,000 live births)",SP.DYN.IMRT.IN,,,,,,,,,,,,,,,,,,,,,,,,,,,,,,,,,,,,,,,,,,,,,,,,,,,,,,,,,,,
Guatemala,GTM,"Mortality rate, infant (per 1,000 live births)",SP.DYN.IMRT.IN,146.7,143.8,140.9,138.1,135.2,132.3,129.4,126.5,123.5,120.4,117.4,114.4,111.3,108.2,105.1,102.1,99.1,96,93.1,90.1,87.2,84.4,81.5,78.7,75.9,73.1,70.4,67.7,65.1,62.6,60.1,57.7,55.4,53.2,51.1,49.2,47.3,45.5,43.8,42.3,40.8,39.4,38,36.7,35.5,34.3,33.2,32.1,31.1,30.1,29.1,28.2,27.2,26.3,25.5,24.7,23.9,23.1,
Guam,GUM,"Mortality rate, infant (per 1,000 live births)",SP.DYN.IMRT.IN,,,,,,,,,,,,,,,,,,,,,,,,,,,,,,,,,,,,,,,,,,,,,,,,,,,,,,,,,,,
Guyana,GUY,"Mortality rate, infant (per 1,000 live births)",SP.DYN.IMRT.IN,66.5,64.1,61.9,60.2,58.8,57.6,56.8,56.1,55.5,55.2,54.9,54.8,54.7,54.6,54.5,54.4,54.2,53.9,53.6,53.2,52.9,52.5,52.1,51.6,51.2,50.7,50.1,49.4,48.6,47.6,46.6,45.6,44.6,43.5,42.5,41.5,40.6,39.7,38.8,38,37.2,36.4,35.6,34.9,34.2,33.6,33,32.4,31.8,31.2,30.7,30.1,29.5,28.9,28.3,27.5,26.7,26,
High income,HIC,"Mortality rate, infant (per 1,000 live births)",SP.DYN.IMRT.IN,,,,,,,,,,,,,,,,,,,,,,,,,,,,,,,11.2,10.7,10.2,9.7,9.3,8.8,8.4,8,7.7,7.5,7.2,7,6.8,6.6,6.5,6.3,6.1,6,5.8,5.7,5.5,5.3,5.2,5.1,4.9,4.8,4.7,4.6,
"Hong Kong SAR, China",HKG,"Mortality rate, infant (per 1,000 live births)",SP.DYN.IMRT.IN,,,,,,,,,,,,,,,,,,,,,,,,,,,,,,,,,,,,,,,,,,,,,,,,,,,,,,,,,,,
Honduras,HND,"Mortality rate, infant (per 1,000 live births)",SP.DYN.IMRT.IN,140,135.7,131.5,127.3,123.4,119.5,115.8,112.2,108.6,105,101.5,97.9,94.4,90.9,87.6,84.3,81.1,77.9,74.8,71.7,68.8,65.9,63.1,60.5,58,55.6,53.3,51.1,49,47,45.1,43.3,41.6,40,38.5,37.1,35.7,34.4,36.7,31.8,30.6,29.3,28.1,26.9,25.8,24.7,23.7,22.7,21.8,20.9,20.1,19.3,18.6,18,17.3,16.7,16.2,15.6,
Heavily indebted poor countries (HIPC),HPC,"Mortality rate, infant (per 1,000 live births)",SP.DYN.IMRT.IN,,,,,,,,,,,,,,,,,,,,,,,,,,,,,,,108.9994583,107.4724789,105.9413178,104.4260992,103.0215577,101.111395,99.160389,97.21889677,95.13035299,92.59956551,89.95645667,87.03719968,83.97271011,80.90100636,77.83253555,74.8993114,72.17853929,69.56761036,67.04837813,64.7612974,62.82968224,60.2972606,58.17265654,56.25622182,54.45229937,52.71898732,51.09648243,49.53865815,
Croatia,HRV,"Mortality rate, infant (per 1,000 live births)",SP.DYN.IMRT.IN,,,,,,,,,,,,,,,,,,,,,,20.6,19.4,18.2,17,15.9,14.8,13.8,12.8,11.9,11.1,10.5,9.9,9.5,9,8.7,8.3,8.1,7.7,7.4,7.2,6.9,6.6,6.4,6,5.8,5.5,5.3,5.1,4.9,4.7,4.5,4.5,4.3,4.2,4.1,4,3.9,
Haiti,HTI,"Mortality rate, infant (per 1,000 live births)",SP.DYN.IMRT.IN,189.8,186.8,184,181.1,178.3,175.5,172.6,169.5,166.5,163.4,160.2,156.9,153.5,150.1,146.8,143.5,140.2,136.9,133.7,130.5,127.4,124.4,121.5,118.6,115.8,113.1,110.4,107.8,105.3,102.8,100.3,97.8,95.2,92.5,89.9,87.3,84.6,81.9,79.4,76.8,74.5,72.3,70.4,68.7,67.2,65.8,64.6,63.5,62.4,61.4,87,59.6,58.8,57.9,57,56.1,55,53.9,
Hungary,HUN,"Mortality rate, infant (per 1,000 live births)",SP.DYN.IMRT.IN,47.5,45.6,44.2,42.7,41.1,39.8,38.8,37.9,36.9,35.9,35.1,34.7,34.5,34.6,34.3,32.6,29.5,26.4,24.2,22.8,21.6,20.4,19.7,19.6,19.8,19.6,18.6,17.4,16.4,15.8,15.2,14.6,13.7,12.7,11.6,10.8,10.3,9.9,9.6,9.2,8.7,8.1,7.6,7.2,6.8,6.4,6.1,5.8,5.5,5.3,5.1,4.9,4.8,4.7,4.5,4.3,4.1,3.8,
IBRD only,IBD,"Mortality rate, infant (per 1,000 live births)",SP.DYN.IMRT.IN,,,,,,,,,,,,,,,,,,,,,,,,,,,,,,,57.40936585,56.34407584,55.26437532,54.13914784,52.94836839,51.66000892,50.32946146,48.83696432,47.31843726,45.77577358,44.14582258,42.45437113,40.75209598,39.02254015,37.40211962,35.64314633,34.03588442,32.4025843,30.85614527,29.3076555,27.88593259,26.52787905,25.22499065,24.05325806,22.98116194,21.95922167,21.11620598,20.24927787,
IDA & IBRD total,IBT,"Mortality rate, infant (per 1,000 live births)",SP.DYN.IMRT.IN,,,,,,,,,,,,,,,,,,,,,,,,,,,,,,,70.35217074,69.49890501,68.66025025,67.79799753,66.88676238,65.78707312,64.58740119,63.21839814,61.74686325,60.13210479,58.39012732,56.52403905,54.61067824,52.66868086,50.80466958,48.86311162,47.07297443,45.28775499,43.61307259,41.92341392,40.4211356,38.8634884,37.43276501,36.14231577,34.93922838,33.78398876,32.78830555,31.79903466,
IDA total,IDA,"Mortality rate, infant (per 1,000 live births)",SP.DYN.IMRT.IN,,,,,,,,,,,,,,,,,,,,,,,,,,,,,,,103.5270145,102.0912663,100.6606277,99.24563663,97.85097786,96.14737886,94.33812231,92.4561803,90.41795637,88.10439509,85.6817349,83.09275351,80.44051107,77.78797464,75.17484902,72.60688653,70.20042589,67.86875588,65.70434429,63.51325049,61.61803685,59.46764366,57.56375439,55.8113737,54.12157645,52.47069807,50.94450472,49.47070122,
IDA blend,IDB,"Mortality rate, infant (per 1,000 live births)",SP.DYN.IMRT.IN,,,,,,,,,,,,,,,,,,,,,,,,,,,,,,,102.5602542,102.100745,101.6254266,101.1497878,100.5685789,99.74963482,98.66204394,97.32993066,95.70430197,93.89323,91.85763382,89.71373656,87.51289288,85.23763365,82.9723796,80.61802682,78.33635018,76.08705134,73.84844703,71.74255438,69.61816149,67.60866544,65.62096988,63.71613024,61.82932468,59.91978881,58.19800421,56.54649019,
Indonesia,IDN,"Mortality rate, infant (per 1,000 live births)",SP.DYN.IMRT.IN,148.5,144.8,141.3,137.8,134.2,130.7,127,123.3,119.7,116.2,112.7,109.4,106.2,103.1,100.1,97.2,94.5,92,89.5,87.2,84.9,82.6,80.3,78,75.8,73.5,71.2,68.9,66.6,64.2,61.8,59.4,57,54.7,52.6,50.4,48.4,46.4,44.5,42.6,40.9,39.3,37.7,36.2,36,33.5,32.2,30.9,29.8,28.6,27.5,26.4,25.4,24.5,23.7,22.9,22.2,21.4,
IDA only,IDX,"Mortality rate, infant (per 1,000 live births)",SP.DYN.IMRT.IN,,,,,,,,,,,,,,,,,,,,,,,,,,,,,,,104.0082874,102.0865632,100.1839855,98.30936425,96.52118177,94.39329055,92.243216,90.10710348,87.8829795,85.3411456,82.7435595,79.94709749,77.07711706,74.23323551,71.43338809,68.73426498,66.23268472,63.8232417,61.65889921,59.39184183,57.58411746,55.34208722,53.4674119,51.78625873,50.19710586,48.68403946,47.2680136,45.8978731,
Isle of Man,IMN,"Mortality rate, infant (per 1,000 live births)",SP.DYN.IMRT.IN,,,,,,,,,,,,,,,,,,,,,,,,,,,,,,,,,,,,,,,,,,,,,,,,,,,,,,,,,,,
India,IND,"Mortality rate, infant (per 1,000 live births)",SP.DYN.IMRT.IN,161.4,159,156.7,154.6,152.7,150.9,149.1,147.5,145.8,144.1,142.3,140.3,138.1,135.9,133.3,130.5,127.4,124.2,120.7,117.5,114.3,111.2,108.4,105.7,103.1,100.7,98.2,95.7,93.3,90.8,88.5,86.3,84.1,82.1,80,77.9,75.8,73.5,71.2,69,66.7,64.4,62.2,60,57.8,55.7,53.7,51.6,49.5,47.4,45.3,43.2,41.1,39.1,37.2,35.3,33.6,32,
Not classified,INX,"Mortality rate, infant (per 1,000 live births)",SP.DYN.IMRT.IN,,,,,,,,,,,,,,,,,,,,,,,,,,,,,,,,,,,,,,,,,,,,,,,,,,,,,,,,,,,
Ireland,IRL,"Mortality rate, infant (per 1,000 live births)",SP.DYN.IMRT.IN,30.3,29.1,28,27,25.9,24.7,23.3,21.9,20.7,19.7,19,18.6,18.2,17.9,17.5,16.9,16.1,15.3,14.2,13,12,11.1,10.4,9.8,9.3,8.9,8.7,8.5,8.3,8,7.7,7.2,6.8,6.4,6.2,6.1,6.1,6.1,6.1,6.1,6,5.8,5.4,5,4.7,4.4,4,3.9,3.7,3.6,3.5,3.4,3.4,3.3,3.2,3.1,3,3,
"Iran, Islamic Rep.",IRN,"Mortality rate, infant (per 1,000 live births)",SP.DYN.IMRT.IN,,,,,,,,,,,,125.6,120.1,114.9,109.8,104.5,99,93.3,87.5,81.8,76.3,71.2,66.7,62.7,59.2,56.1,53.3,50.7,48.2,45.9,43.7,41.7,40,38.4,36.9,35.5,34.1,32.6,31.2,29.7,28.2,26.8,25.4,24.2,22.9,21.8,20.7,19.6,18.6,17.6,16.8,16.1,15.4,14.9,14.3,13.8,13.3,12.8,
Iraq,IRQ,"Mortality rate, infant (per 1,000 live births)",SP.DYN.IMRT.IN,129.2,122.2,116.1,110.5,105.3,100.5,95.9,91.6,87.7,84,80.5,77.3,74.1,71.1,68.2,65.5,62.9,60.6,58.4,56.3,54.5,52.8,51.2,49.7,48.4,47.1,45.9,44.8,43.8,43,42.2,41.5,40.8,40.2,39.6,39,38.4,37.7,37.1,36.5,35.9,35.3,34.8,34.2,33.7,33.2,32.6,32,31.4,30.8,30.2,29.5,28.9,28.1,27.4,26.7,26,25.3,
Iceland,ISL,"Mortality rate, infant (per 1,000 live births)",SP.DYN.IMRT.IN,17.5,17.2,16.9,16.5,16,15.5,15,14.4,13.9,13.3,12.8,12.3,11.9,11.4,10.9,10.4,9.9,9.3,8.8,8.2,7.8,7.3,6.9,6.5,6.2,6,5.7,5.5,5.3,5.1,5,4.8,4.6,4.4,4.3,4.1,3.9,3.7,3.6,3.4,3.2,3,2.9,2.7,2.6,2.5,2.4,2.3,2.2,2.1,2,2,1.9,1.8,1.8,1.7,1.7,1.6,
Israel,ISR,"Mortality rate, infant (per 1,000 live births)",SP.DYN.IMRT.IN,,,,,,,,,,,,,,,24.8,22.4,20.2,18.6,17.2,16.1,15.4,14.6,14,13.4,12.8,12.1,11.5,11,10.4,10.1,9.7,9.2,8.7,8.1,7.6,7.2,6.7,6.4,6.1,5.9,5.6,5.4,5.2,4.9,4.7,4.5,4.3,4.1,3.9,3.8,3.7,3.5,3.4,3.3,3.2,3,2.9,2.9,
Italy,ITA,"Mortality rate, infant (per 1,000 live births)",SP.DYN.IMRT.IN,44.2,42.6,40.9,39.1,37.4,35.8,34.3,33.1,32,30.9,29.7,28.2,26.4,24.5,22.5,20.5,18.8,17.3,16.1,15.1,14.2,13.4,12.6,11.9,11.2,10.5,9.9,9.4,9,8.7,8.4,8.1,7.7,7.3,6.8,6.4,6,5.6,5.3,5,4.7,4.5,4.3,4.1,3.9,3.8,3.7,3.6,3.5,3.4,3.4,3.3,3.2,3.1,3,3,2.9,2.9,
Jamaica,JAM,"Mortality rate, infant (per 1,000 live births)",SP.DYN.IMRT.IN,60.8,58.6,56.5,54.6,52.9,51.3,49.8,48.4,47,45.6,44.2,42.8,41.5,40.1,38.9,37.8,36.7,35.8,34.8,33.9,33.1,32.2,31.4,30.6,29.9,29.1,28.3,27.6,26.9,26.2,25.5,24.8,24,23.4,22.7,22,21.4,20.7,20.1,19.6,19,18.5,18.1,17.8,17.5,17.3,17.1,16.9,16.6,16.3,16,15.6,15.2,14.8,14.3,13.9,13.5,13.1,
Jordan,JOR,"Mortality rate, infant (per 1,000 live births)",SP.DYN.IMRT.IN,106.8,101.2,95.9,90.8,86.3,82,78.1,74.4,71.1,67.9,65,62.3,59.7,57.2,54.9,52.8,50.7,48.7,46.7,44.9,43.1,41.4,39.8,38.3,36.8,35.4,34.1,32.9,31.7,30.7,29.8,29,28.2,27.5,26.8,26.2,25.6,25,24.4,23.9,23.3,22.8,22.2,21.7,21.1,20.6,20,19.5,19,18.5,18,17.5,17,16.5,16,15.5,15.1,14.6,
Japan,JPN,"Mortality rate, infant (per 1,000 live births)",SP.DYN.IMRT.IN,30.4,27.9,25.5,23.1,21,19.1,17.6,16.3,15.1,14.2,13.4,12.6,11.9,11.3,10.6,10,9.4,8.8,8.3,7.8,7.4,7,6.6,6.2,5.8,5.5,5.2,5,4.8,4.7,4.6,4.5,4.4,4.4,4.2,4.1,4,3.8,3.6,3.4,3.3,3.1,3,2.9,2.8,2.8,2.7,2.6,2.5,2.4,2.4,2.4,2.2,2.1,2.1,2.1,1.9,1.9,
Kazakhstan,KAZ,"Mortality rate, infant (per 1,000 live births)",SP.DYN.IMRT.IN,,,,,,,,,,,,68.5,67.1,65.7,64.5,63.4,62.4,61.4,60.3,59.1,57.8,56.2,54.6,53,51.3,49.8,48.4,47.1,45.9,45.1,44.6,44.5,44.7,44.9,45,44.8,44,42.7,41,39.1,37.1,35.2,33.2,31.4,29.6,27.7,25.9,24,22.1,20.1,18.2,16.4,14.6,13.1,11.8,10.7,9.7,8.9,
Kenya,KEN,"Mortality rate, infant (per 1,000 live births)",SP.DYN.IMRT.IN,117.4,112.9,109,105.6,102.8,100.6,98.9,97.3,95.7,94,92.2,90.4,88.4,86.3,84,81.6,79.2,76.6,74.1,71.6,69.8,67.8,66,64.6,63.5,62.8,62.6,62.8,63.5,64.6,65.9,67.3,68.6,69.6,70.2,70.3,69.9,69,67.7,66,64,61.7,59.1,56.4,53.5,50.4,47.7,45.5,43.1,41.4,39.9,38.9,38.3,37.4,36.3,35.1,34.3,33.6,
Kyrgyz Republic,KGZ,"Mortality rate, infant (per 1,000 live births)",SP.DYN.IMRT.IN,,,,,,,,,,,,,,,,87.3,85.2,83.2,81,78.8,76.5,74,71.4,68.7,66.1,63.5,61,58.8,56.9,55.5,54.6,54.1,53.7,53,52.1,50.8,49.2,47.5,45.7,44,42.2,40.5,38.9,37.3,35.7,34.3,32.8,31.2,29.6,27.8,26.1,24.6,23.2,22,20.9,19.8,18.8,17.9,
Cambodia,KHM,"Mortality rate, infant (per 1,000 live births)",SP.DYN.IMRT.IN,,,,,,,,,,,,,,,,176.2,164.9,153.8,141.4,128.4,116,105,96.6,91.2,88.1,86.4,85.4,84.9,84.7,84.7,84.7,84.7,84.9,85.4,86.2,86.8,87.1,86.8,85.8,83.6,79.6,73.9,67.7,62.1,57.3,53.3,49.8,46.7,43.6,40.6,37.8,35.1,32.6,30.6,28.9,27.5,26.3,25.1,
Kiribati,KIR,"Mortality rate, infant (per 1,000 live births)",SP.DYN.IMRT.IN,,,,120.4,116.3,112.3,108.6,105.1,101.9,98.7,95.8,93.4,91.2,89.5,88.2,87.4,86.6,86.1,85.8,85.6,85.4,85.1,84.6,83.8,82.8,81.4,79.4,77.1,74.6,71.9,69.2,66.8,64.8,63,61.5,60.2,58.9,57.7,56.3,54.9,53.7,52.5,51.5,50.8,50.5,50.4,50.5,50.6,50.5,50.2,49.6,48.8,47.9,46.9,45.9,44.8,43.8,42.7,
St. Kitts and Nevis,KNA,"Mortality rate, infant (per 1,000 live births)",SP.DYN.IMRT.IN,,,,,,,,,,,56.5,54.9,53.3,51.8,50.4,49.1,47.9,46.6,45.2,43.6,41.8,39.8,37.6,35.6,33.5,31.8,30.2,28.8,27.7,26.8,26.1,25.4,25,24.6,24.2,23.6,22.9,22,21,19.9,18.7,17.6,16.5,15.6,14.7,14,13.3,12.8,12.4,12.1,11.9,11.8,11.7,11.7,11.7,11.7,11.7,11.6,
"Korea, Rep.",KOR,"Mortality rate, infant (per 1,000 live births)",SP.DYN.IMRT.IN,79.2,75.8,72.7,69.7,66.7,63.5,60.2,56.8,53.5,50.2,47.1,44.3,41.8,39.8,38,36.5,35.1,33.8,32.5,31.1,29.5,27.8,26,24.2,22.4,20.6,18.9,17.3,15.8,14.5,13.3,12.2,11.3,10.4,9.6,8.9,8.3,7.7,7.2,6.8,6.4,6.1,5.7,5.4,5.1,4.7,4.4,4.1,3.9,3.7,3.5,3.4,3.3,3.2,3.1,3,2.9,2.8,
Kuwait,KWT,"Mortality rate, infant (per 1,000 live births)",SP.DYN.IMRT.IN,97.3,91.6,86,80.8,75.7,70.9,66.6,62.6,59,55.9,53,50.2,47.7,45.2,42.8,40.5,38.2,36,33.9,31.8,29.7,27.4,25.1,23,21.1,19.6,18.5,17.6,16.8,16,15.1,15,13.8,13.3,12.9,12.5,12.2,11.8,11.5,11.2,10.9,10.8,10.6,10.5,10.3,10.1,10,9.8,9.7,9.5,9.2,8.9,8.5,8.2,7.8,7.5,7.2,6.9,
Latin America & Caribbean (excluding high income),LAC,"Mortality rate, infant (per 1,000 live births)",SP.DYN.IMRT.IN,,,,,,,,,,,,,,,,,,,,,,,,,,,,,,,45.72747548,43.92767855,42.13972855,40.3341732,38.54589561,36.76679576,35.00369391,33.29070196,31.73937339,30.12388109,28.59184155,27.19154573,25.87408294,24.67603164,23.52528049,22.44781642,21.50163703,20.58922468,19.82003501,19.06976249,19.15412757,17.84922009,17.33087248,16.8792591,16.5105625,16.16469881,16.21201959,15.63409244,
Lao PDR,LAO,"Mortality rate, infant (per 1,000 live births)",SP.DYN.IMRT.IN,,,,,,,,,,,,,,,,,,,143.4,139.9,136.5,133.2,129.9,126.8,123.7,120.6,117.8,114.9,112,109.1,106.1,103.1,100.2,97.3,94.5,91.8,89.2,86.8,84.4,82.1,80,77.8,75.6,73.5,71.4,69.3,67.3,65.2,63.2,61.3,59.5,57.8,56,54.5,53,51.5,50.1,48.6,
Lebanon,LBN,"Mortality rate, infant (per 1,000 live births)",SP.DYN.IMRT.IN,56.7,55.2,54,52.7,51.6,50.6,49.8,49,48.4,47.8,47.3,46.8,46.3,45.7,45.1,44.4,43.6,42.7,41.8,40.7,39.6,38.4,37.2,35.9,34.6,33.2,31.9,30.6,29.3,28.1,26.9,25.7,24.7,23.6,22.7,21.7,20.8,19.9,19,18,17.1,16.1,15.1,14.2,13.2,12.2,11.3,10.5,9.8,9.3,8.8,8.4,8.1,7.7,7.4,7.2,6.9,6.7,
Liberia,LBR,"Mortality rate, infant (per 1,000 live births)",SP.DYN.IMRT.IN,208.8,209,208.7,208,206.9,205.3,203.2,200.6,197.4,193.9,190.3,187,183.9,180.9,177.7,174.5,171.5,168.9,166.3,164,161.7,159.8,158.3,157.5,157.5,158.5,160.7,163.8,167.4,171,173.7,175,174.4,171.9,167.7,162.2,155.8,148.7,141.3,133.6,125.7,117.8,110.3,103,96,89.9,84.6,80.2,76.5,73.3,70.4,67.8,65.4,63.2,61.2,59.3,57.6,55.9,
Libya,LBY,"Mortality rate, infant (per 1,000 live births)",SP.DYN.IMRT.IN,163.6,155.3,147.3,139.6,132.3,125.2,118.6,112.1,106.2,100.4,95.1,89.9,85.2,80.7,76.4,72.4,68.7,65.3,62.3,59.5,56.9,54.5,52.2,49.9,47.8,45.6,43.6,41.4,39.4,37.4,35.7,33.9,32.3,30.9,29.6,28.4,27.4,26.5,25.6,24.9,24.1,23.4,22.7,21.9,20.9,19.8,18.6,17.3,16.1,15.1,14.2,13.9,12.9,12.3,11.8,11.4,11,10.6,
St. Lucia,LCA,"Mortality rate, infant (per 1,000 live births)",SP.DYN.IMRT.IN,,,,,,,,,,,58.6,53.5,48.7,44.1,39.9,36.2,33,30.3,28.2,26.5,25.1,24,23.1,22.4,21.7,21.1,20.4,19.9,19.4,19,18.6,18.4,18,17.7,17.3,16.9,16.6,16.3,16,15.8,15.6,15.6,15.6,15.8,15.9,16,16.2,16.3,16.3,16.4,16.3,16.3,16.1,16,15.8,15.5,15.3,14.9,
Latin America & Caribbean,LCN,"Mortality rate, infant (per 1,000 live births)",SP.DYN.IMRT.IN,,,,,,,,,,,,,,,,,,,,,,,,,,,,,,,43.5,41.8,40.1,38.4,36.7,35.1,33.4,31.8,30.3,28.8,27.4,26,24.8,23.6,22.6,21.6,20.6,19.8,19.1,18.4,18.4,17.2,16.7,16.2,15.9,15.5,15.5,14.9,
Least developed countries: UN classification,LDC,"Mortality rate, infant (per 1,000 live births)",SP.DYN.IMRT.IN,,,,,,,,,,,,,,,,,,,,,,,,,,,,,,,108.5509653,106.5476925,104.545344,102.5684254,100.6884289,98.46320955,96.23055053,94.01156738,91.66334249,89.05254794,86.3433552,83.42460973,80.41233673,77.41236217,74.44320771,71.57527743,68.88873558,66.30031041,63.9705011,61.51454217,59.53922685,57.09908306,55.0602543,53.23536956,51.5235293,49.90148063,48.39612452,46.9563364,
Low income,LIC,"Mortality rate, infant (per 1,000 live births)",SP.DYN.IMRT.IN,,,,,,,,,,,,,,,,,,,,,,,,,,,,,,,108,106.5,104.9,103.4,101.9,100,97.9,95.8,93.5,90.9,88.1,85.1,82,78.9,75.9,73,70.3,67.7,65.3,63,61.1,58.6,56.6,54.8,53.1,51.5,50,48.6,
Liechtenstein,LIE,"Mortality rate, infant (per 1,000 live births)",SP.DYN.IMRT.IN,,,,,,,,,,,,,,,,,,,,,,,,,,,,,,,,,,,,,,,,,,,,,,,,,,,,,,,,,,,
Sri Lanka,LKA,"Mortality rate, infant (per 1,000 live births)",SP.DYN.IMRT.IN,70.1,67.7,65.4,63.2,61.3,59.6,58,56.7,55.6,54.7,54,53.3,52.5,51.7,50.7,49.5,48,46.1,44.2,42,39.6,37,34.2,31.2,28.2,25.2,22.6,20.5,19.2,18.4,18.1,18.1,18.1,18,17.6,17.1,16.5,15.9,15.3,14.7,14.2,13.8,13.4,13.1,15.5,12.3,11.7,11,10.6,10.2,10,9.6,9.3,8.9,8.5,8.2,7.8,7.5,
Lower middle income,LMC,"Mortality rate, infant (per 1,000 live births)",SP.DYN.IMRT.IN,,,,,,,,,,,,,,,,,,,,,,,,,,,,,,,84.1,82.4,80.8,79.2,77.6,76,74.3,72.5,70.7,68.7,66.7,64.6,62.5,60.5,58.6,56.6,54.7,52.8,51.1,49.2,47.4,45.7,44,42.4,40.9,39.4,38.1,36.8,
Low & middle income,LMY,"Mortality rate, infant (per 1,000 live births)",SP.DYN.IMRT.IN,,,,,,,,,,,,,,,,,,,,,,,,,,,,,,,70.83579575,69.98598319,69.15763544,68.30726102,67.40755424,66.31385336,65.11268067,63.73354033,62.24350122,60.60282007,58.83161613,56.93640698,54.99718466,53.03394284,51.15383151,49.19916143,47.39977957,45.60372809,43.91711421,42.21389201,40.69743525,39.12524072,37.67998372,36.37655155,35.16243572,33.9969555,32.99249671,31.99551413,
Lesotho,LSO,"Mortality rate, infant (per 1,000 live births)",SP.DYN.IMRT.IN,141.3,140.7,140.5,140.7,140.8,140.9,140.4,139.3,137.7,135.6,133.1,130.3,127.4,124.3,120.8,117.1,113,108.7,104.2,99.8,95.5,91.5,87.7,84.3,81.3,78.6,76.4,74.5,73,71.9,71.2,71,71.2,72,73.1,74.6,76.2,78,79.6,81.1,82.5,83.7,84.7,85.5,85.7,85.5,84.3,81.8,82.1,79.2,74.5,73,72.8,72,70.9,70.5,68.4,66.5,
Late-demographic dividend,LTE,"Mortality rate, infant (per 1,000 live births)",SP.DYN.IMRT.IN,,,,,,,,,,,,,,,,,,,,,,,,,,,,,,,39.83109002,39.17569587,38.398842,37.34321761,36.21262548,34.92509984,33.61569061,32.17600934,30.72717347,29.2057439,27.64722347,25.99447268,24.29646752,22.61241159,21.09611509,19.54438741,18.19648409,16.97483387,15.92209567,14.93128385,14.09826414,13.28408255,12.48081169,11.81435829,11.16523757,10.50688891,10.08558323,9.47746661,
Lithuania,LTU,"Mortality rate, infant (per 1,000 live births)",SP.DYN.IMRT.IN,,,,,,,,20.1,20.7,19.7,17.9,16.6,16.6,17.1,17.5,17.7,17.7,17.6,17.2,16.7,16,15.5,15.1,14.8,14.4,13.8,12.9,11.9,11.2,11.3,12,13.1,14.1,14.4,13.5,11.9,10.6,9.8,9.3,8.9,8.6,8.2,7.9,7.6,7.4,7.2,6.9,6.5,5.9,5.3,4.9,4.5,4.2,4,4,4,3.8,3.4,
Luxembourg,LUX,"Mortality rate, infant (per 1,000 live births)",SP.DYN.IMRT.IN,,,,,25.7,24.4,23.2,22.1,21,19.9,18.9,17.8,16.8,15.8,14.9,14.1,13.4,12.7,12.2,11.7,11.3,11,10.6,10.2,9.8,9.4,9,8.6,8.1,7.7,7.3,6.8,6.4,6,5.6,5.3,5,4.7,4.4,4.2,3.9,3.7,3.5,3.3,3.1,3,2.8,2.7,2.6,2.5,2.4,2.4,2.3,2.3,2.2,2.2,2.1,2.1,
Latvia,LVA,"Mortality rate, infant (per 1,000 live births)",SP.DYN.IMRT.IN,,,,,,,,,,,,,,,,,,,,15.2,15.3,15.3,15.1,14.7,14,13.2,12.4,11.9,11.8,12.2,13.1,14.3,15.2,15.7,15.8,15.7,15.2,14.5,13.4,12.4,11.6,10.9,10.3,9.7,9.2,8.7,8.2,7.8,7.4,7,6.6,6.2,5.7,5.2,4.7,4.3,3.9,3.6,
"Macao SAR, China",MAC,"Mortality rate, infant (per 1,000 live births)",SP.DYN.IMRT.IN,,,,,,,,,,,,,,,,,,,,,,,,,,,,,,,,,,,,,,,,,,,,,,,,,,,,,,,,,,,
St. Martin (French part),MAF,"Mortality rate, infant (per 1,000 live births)",SP.DYN.IMRT.IN,,,,,,,,,,,,,,,,,,,,,,,,,,,,,,,,,,,,,,,,,,,,,,,,,,,,,,,,,,,
Morocco,MAR,"Mortality rate, infant (per 1,000 live births)",SP.DYN.IMRT.IN,144.2,141.9,139.6,137.2,134.7,132.2,129.6,127.1,124.6,122.3,120.1,118.1,116.1,114,111.7,109.1,106.3,103.3,100,96.8,93.4,90.1,86.7,83.4,80,76.7,73.6,70.6,67.8,65.2,62.7,60.3,58.1,55.9,53.8,51.6,49.5,47.5,45.6,43.8,42,40.3,38.6,37.1,35.6,34.1,32.7,31.4,30.1,28.8,27.5,26.3,25.1,24,22.9,21.8,20.9,20,
Monaco,MCO,"Mortality rate, infant (per 1,000 live births)",SP.DYN.IMRT.IN,,,,,,,,,,,,,,,,,,,,,,,,,,7.9,7.6,7.3,6.9,6.6,6.4,6,5.8,5.5,5.3,5.1,4.9,4.7,4.5,4.3,4.2,4.1,3.9,3.8,3.7,3.7,3.6,3.5,3.4,3.3,3.3,3.2,3.1,3,2.9,2.8,2.8,2.7,
Moldova,MDA,"Mortality rate, infant (per 1,000 live births)",SP.DYN.IMRT.IN,,,,,,,,,,,,49.3,48.2,47,45.8,44.7,43.5,42.4,41.3,40.4,39.5,38.5,37.2,35.8,34.3,32.8,31.3,29.8,28.7,27.8,27.5,27.7,28.4,29.5,30.5,31.2,31.5,31,30,28.3,26.2,23.8,21.6,19.6,18,16.8,16,15.5,15.1,14.9,14.8,14.6,14.4,14.2,14,13.8,13.5,13.3,
Madagascar,MDG,"Mortality rate, infant (per 1,000 live births)",SP.DYN.IMRT.IN,,,,,,,,,90.9,91.7,92.6,93.6,94.8,96.1,97.6,99.1,100.4,101.7,102.8,103.8,105.1,106.7,108.2,109.2,109.5,109.1,108,106,103.4,100.6,97.7,95,92.4,90,87.7,85.1,82.2,79,75.5,71.9,68.5,65.2,62.1,59.3,56.6,54,51.7,49.4,47.1,45,42.9,40.9,39,37.4,36.1,34.9,33.7,32.7,
Maldives,MDV,"Mortality rate, infant (per 1,000 live births)",SP.DYN.IMRT.IN,,,,,210,204.2,198.2,192.3,186.4,180.3,173.9,167.2,159.9,152.1,144.6,137.2,130.3,123.8,117.6,112,106.7,101.8,97.2,92.8,88.7,84.8,81.1,77.6,74.2,71,68,65.1,62.2,59.2,56.2,53,49.7,46.2,42.6,38.9,35.1,31.4,27.9,24.7,22.3,19.3,17.1,15.3,13.7,12.4,11.2,10.2,9.3,8.6,8,7.5,7.1,6.8,
Middle East & North Africa,MEA,"Mortality rate, infant (per 1,000 live births)",SP.DYN.IMRT.IN,,,,,,,,,,,,,,,,,,,,,,,,,,,,,,,50.1,48.2,46.5,44.8,43.2,41.6,40,38.5,37,35.6,34.2,32.8,31.5,30.2,29,27.9,26.7,25.7,24.6,23.7,22.9,22.2,21.7,21.1,20.6,20.2,19.7,19.3,
Mexico,MEX,"Mortality rate, infant (per 1,000 live births)",SP.DYN.IMRT.IN,103.1,99.1,95.7,92.7,90.1,87.8,85.7,83.6,81.5,79.1,76.7,74.3,71.9,69.6,67.5,65.6,63.7,61.7,59.6,57.4,55,52.6,50.2,48,46.1,44.3,42.6,41,39.5,37.9,36.3,34.8,33.2,31.8,30.4,29,27.7,26.3,25,23.7,22.5,21.3,20.3,19.3,18.4,17.6,16.9,16.3,15.8,15.3,14.9,14.5,14.1,13.7,13.2,12.7,12.2,11.5,
Marshall Islands,MHL,"Mortality rate, infant (per 1,000 live births)",SP.DYN.IMRT.IN,85.9,82.2,78.9,75.7,72.8,70.2,67.7,65.4,63.1,60.9,58.8,56.8,55.2,53.9,52.9,52.2,51.7,51.3,50.8,50.3,49.7,49,48.1,47.1,46,44.9,43.8,42.6,41.4,40,38.7,37.4,36.1,35,34,33.4,33,32.8,32.9,32.9,32.9,32.9,32.8,32.7,32.5,32.3,32.2,32,31.8,31.7,31.6,31.4,31.1,30.6,30,29.4,28.7,28,
Middle income,MIC,"Mortality rate, infant (per 1,000 live births)",SP.DYN.IMRT.IN,,,,,,,,,,,,,,,,,,,,,,,,,,,,,,,65.42802173,64.48999058,63.56275918,62.60525024,61.5801779,60.43872438,59.2071554,57.7934608,56.30933107,54.73520615,53.05044573,51.28031799,49.48861313,47.6756558,45.95983059,44.13022218,42.45055062,40.76692971,39.19699522,37.56283732,36.07017641,34.65687027,33.29515747,32.05260958,30.88861149,29.75754437,28.80542651,27.84566629,
North Macedonia,MKD,"Mortality rate, infant (per 1,000 live births)",SP.DYN.IMRT.IN,,,,,,,,,,,,,,,,,,,,,,51.7,50,48.1,46.2,45,44.1,42.7,39.6,36,33.1,31.6,30.1,27.8,25,22.1,19.6,17.6,16.1,15.1,14.3,13.6,13,12.6,12.4,12.2,11.6,10.9,10.2,9.6,9.2,9.1,9.2,9.5,10,10.7,11.4,12,
Mali,MLI,"Mortality rate, infant (per 1,000 live births)",SP.DYN.IMRT.IN,,,,213.6,210.1,206.6,203.3,200.6,198.2,196.1,194.2,192.3,189.9,187.3,184,180.3,176.3,172.2,168.2,164.5,160.9,157.5,153.9,150.3,146.8,143.5,140.4,137.5,134.9,132.4,130.1,128.2,126.7,125.5,124.7,123.9,123.1,122,120.5,118.3,115.3,111.7,107.7,103.3,98.9,94.6,90.7,87.3,84.3,81.6,79.1,76.9,74.7,72.8,71,69.2,67.4,65.8,
Malta,MLT,"Mortality rate, infant (per 1,000 live births)",SP.DYN.IMRT.IN,36.3,34.9,33.7,32.6,31.6,30.6,29.6,28.4,27.2,26,24.8,23.5,22.4,21.2,20.1,19,18,17.2,16.4,15.7,15,14.4,13.8,13.3,12.7,12.2,11.7,11.2,10.8,10.4,10,9.7,9.3,9,8.7,8.3,8,7.7,7.3,7,6.8,6.6,6.4,6.3,6.2,6.1,6,5.9,5.9,5.9,5.8,5.8,5.8,5.8,5.8,5.7,5.7,5.6,
Myanmar,MMR,"Mortality rate, infant (per 1,000 live births)",SP.DYN.IMRT.IN,,,,,,,,,122.5,120.5,118.5,116.5,114.4,112.4,110.4,108.1,106,103.9,101.7,99.7,97.8,96,94.2,92.6,91,89.5,88,86.6,85.1,83.6,81.9,80.2,78.5,76.8,75.1,73.4,71.8,70.1,68.5,67,65.5,64,62.4,60.8,59.2,57.6,55.9,54.2,56.8,50.8,49,47.3,45.6,44.1,42.5,41.1,39.9,38.5,
Middle East & North Africa (excluding high income),MNA,"Mortality rate, infant (per 1,000 live births)",SP.DYN.IMRT.IN,,,,,,,,,,,,,,,,,,,,,,,,,,,,,,,52.40408494,50.59303053,48.92736562,47.31662459,45.69798214,44.11779885,42.53883601,40.9760981,39.4704803,37.99137208,36.52479644,35.11380064,33.72272673,32.40794578,31.12233543,29.90902418,28.69578233,27.56731936,26.47094512,25.46933595,24.64750112,23.92604152,23.32109301,22.78211561,22.27821567,21.76485082,21.31218843,20.87937791,
Montenegro,MNE,"Mortality rate, infant (per 1,000 live births)",SP.DYN.IMRT.IN,,,,,,,,,,,,,,,,,,,,,,,,,24.1,21.9,20,18.3,16.8,15.7,14.8,14.2,13.9,13.7,13.7,13.6,13.6,13.5,13.4,13.2,12.7,12.3,11.7,11,10.3,9.6,8.9,8.2,7.5,6.7,6.2,5.6,5.1,4.6,4.2,3.8,3.5,3.2,
Mongolia,MNG,"Mortality rate, infant (per 1,000 live births)",SP.DYN.IMRT.IN,,,,,,,,,,,,,,,,,,,117.9,114.2,110.5,107,103.8,100.6,97.3,93.9,90.4,86.9,83.4,80.1,76.9,74,71.3,68.8,66.2,63.6,60.9,58.1,55.1,52.1,48.9,45.7,42.5,39.4,36.4,33.7,31,28.6,26.3,24.1,22.2,20.5,19.1,17.9,16.9,16.1,15.4,14.8,
Northern Mariana Islands,MNP,"Mortality rate, infant (per 1,000 live births)",SP.DYN.IMRT.IN,,,,,,,,,,,,,,,,,,,,,,,,,,,,,,,,,,,,,,,,,,,,,,,,,,,,,,,,,,,
Mozambique,MOZ,"Mortality rate, infant (per 1,000 live births)",SP.DYN.IMRT.IN,,,,,,181.1,181.8,182.4,182.8,182.7,182.4,181.8,180.9,179.9,178.9,177.8,176.8,175.9,175.3,174.7,174.5,174.2,173.5,172.6,171.1,169.4,167.5,165.5,163.6,161.5,159.4,157.1,154.4,151.2,147.4,143,137.7,131.7,125.4,119.3,113.3,107.6,102.3,97.4,92.9,88.7,84.6,79.9,76.5,72.8,70.7,66.9,63.5,60.9,58.9,57,55.2,53.3,
Mauritania,MRT,"Mortality rate, infant (per 1,000 live births)",SP.DYN.IMRT.IN,129.9,127,124.2,121.4,118.7,115.9,113.1,110.4,107.8,105.8,104.4,103.5,103.1,102.8,102.3,101.5,100.2,98.5,96.5,94.4,92.4,90.4,88.3,86.1,83.8,81.2,78.7,76.4,74.4,72.8,71.6,70.8,70.2,69.9,69.8,69.8,69.8,69.9,69.9,69.8,69.7,69.6,69.4,69.1,68.7,68,67.1,66,64.8,63.6,62.4,61,59.7,58.4,57,55.8,54.5,53.3,
Mauritius,MUS,"Mortality rate, infant (per 1,000 live births)",SP.DYN.IMRT.IN,68.4,66.3,63.3,60,58,59.6,65.2,69.9,67.8,61.8,58.2,59,60.5,58.7,54,48.5,43.7,39.7,36.7,34.3,32.2,30.1,28,25.9,24.3,23.7,24.1,24.3,23.3,21.4,19.8,18.7,18.4,18.4,18.8,19.4,19.9,19.8,19.1,17.8,16.3,15.1,14.2,13.8,13.7,13.9,14.1,14.2,13.9,13.6,13.2,13.2,13.1,13.1,13,12.8,12.2,11.6,
Malawi,MWI,"Mortality rate, infant (per 1,000 live births)",SP.DYN.IMRT.IN,,,,,,211.8,210.4,209.1,207.6,205.7,203.1,199.7,195.4,190.5,185.1,179.4,173.5,167.6,161.2,155.3,149.9,145.8,143.3,142.8,143.7,145.2,146.3,146.5,145,142.1,138.2,133.7,129.1,124.9,121.2,118.1,115.8,113.5,110.6,106.5,101.1,94.4,87.1,80.2,74,69.2,65.8,63.4,60.5,58.4,56.2,52.9,49.2,46.4,44.1,42,40.2,38.5,
Malaysia,MYS,"Mortality rate, infant (per 1,000 live births)",SP.DYN.IMRT.IN,67.2,63.3,59.5,56.1,53.1,50.5,48.3,46.3,44.6,43.2,41.8,40.5,39.1,37.6,36,34.2,32.4,30.5,28.8,27,25.3,23.7,22.2,20.8,19.5,18.4,17.4,16.5,15.6,14.9,14.3,13.6,13,12.4,11.9,11.5,11.1,10.7,10.1,9.4,8.7,8.1,7.6,7.3,7.1,7,6.9,6.8,6.7,6.6,6.6,6.5,6.4,6.4,6.4,6.5,6.6,6.7,
North America,NAC,"Mortality rate, infant (per 1,000 live births)",SP.DYN.IMRT.IN,,,,,,,,,,,,,,,,,,,,,,,,,,,,,,,9.2,8.9,8.6,8.3,8,7.8,7.5,7.3,7.2,7.1,6.9,6.9,6.8,6.7,6.7,6.7,6.6,6.4,6.3,6.3,6.1,6,5.9,5.9,5.8,5.7,5.6,5.6,
Namibia,NAM,"Mortality rate, infant (per 1,000 live births)",SP.DYN.IMRT.IN,,,,,,,,62.6,62.8,63,63.3,63.7,64,64.2,64.5,64.7,64.9,65,64.9,64.6,64,63,61.8,60.3,58.6,56.9,55,53.3,51.7,50.3,49,48,47.3,46.8,46.7,46.7,46.9,47.2,47.5,47.7,47.9,47.7,47.3,46.8,45.7,42.7,40.7,39.5,39.1,39.5,38.2,37.9,38.2,37,36.1,34.8,32.7,31.8,
New Caledonia,NCL,"Mortality rate, infant (per 1,000 live births)",SP.DYN.IMRT.IN,,,,,,,,,,,,,,,,,,,,,,,,,,,,,,,,,,,,,,,,,,,,,,,,,,,,,,,,,,,
Niger,NER,"Mortality rate, infant (per 1,000 live births)",SP.DYN.IMRT.IN,,,,,,,,126.8,128.2,129.6,131.1,132.4,133.7,134.6,135,134.8,134,132.6,131.1,129.8,128.9,128.8,129.4,130.7,132.2,133.6,134.7,135.1,134.7,133.7,132,129.7,126.7,123.3,119.2,114.9,110.5,106.6,103,99.8,96.5,93.2,89.6,85.7,81.9,78.1,74.5,71.1,68,65.1,62.4,59.9,57.6,55.5,53.5,51.6,49.9,48.3,
Nigeria,NGA,"Mortality rate, infant (per 1,000 live births)",SP.DYN.IMRT.IN,,,,,193.7,189.4,185.2,181.1,176.9,172.7,168.2,163.4,158.6,153.6,148.7,144,139.5,135.4,131.8,128.9,126.6,124.9,123.9,123.5,123.5,123.9,124.5,125,125.4,125.7,125.6,125.4,125,124.5,123.9,122.9,121.4,119.5,117.1,114.5,111.6,108.6,105.6,102.5,99.4,96.2,93,89.9,86.8,83.9,81,78.3,75.7,73.3,71,68.7,66.6,64.6,
Nicaragua,NIC,"Mortality rate, infant (per 1,000 live births)",SP.DYN.IMRT.IN,133,131.7,130.4,129.1,127.6,126.1,124.4,122.6,120.6,118.6,116.3,113.7,110.8,107.5,103.9,99.8,95.4,90.8,86.1,81.6,77.2,73.2,69.5,66.2,63.3,60.8,58.6,56.6,54.7,52.8,50.9,48.9,46.8,44.7,42.7,40.7,38.7,36.8,36.1,33.1,31.5,29.9,28.4,27,25.7,24.5,23.3,22.2,21.1,20.1,19.2,18.4,17.7,17,16.4,15.9,15.3,14.8,
Netherlands,NLD,"Mortality rate, infant (per 1,000 live births)",SP.DYN.IMRT.IN,16.5,16.1,15.7,15.3,14.9,14.5,14.1,13.8,13.4,12.9,12.4,12,11.5,11.1,10.7,10.3,9.9,9.6,9.3,9,8.8,8.6,8.4,8.2,8.1,7.9,7.7,7.5,7.3,7.1,6.8,6.6,6.3,6.1,5.9,5.7,5.5,5.4,5.3,5.2,5.1,5,4.9,4.8,4.6,4.4,4.3,4.1,4,3.8,3.7,3.6,3.6,3.5,3.5,3.4,3.4,3.3,
Norway,NOR,"Mortality rate, infant (per 1,000 live births)",SP.DYN.IMRT.IN,18.4,18,17.5,17.1,16.6,16,15.4,14.8,14.2,13.7,13.1,12.7,12.2,11.6,11,10.5,9.9,9.3,8.8,8.4,8.2,8,8,8.1,8.2,8.3,8.3,8.2,7.9,7.5,7,6.4,5.8,5.3,4.9,4.6,4.4,4.2,4.1,4,4,3.8,3.6,3.6,3.4,3.2,3.2,3,2.8,2.7,2.6,2.5,2.4,2.3,2.3,2.2,2.1,2.1,
Nepal,NPL,"Mortality rate, infant (per 1,000 live births)",SP.DYN.IMRT.IN,216.5,213.8,210.4,206.6,202.4,198,193.5,189,184.5,180.2,176.3,172.5,168.8,165.2,161.6,158.2,154.7,151,147.2,143.4,139.4,135.5,131.5,127.5,123.4,119.2,115.1,110.8,106.5,102,97.5,93.1,88.8,84.6,80.7,76.9,73.3,69.8,66.5,63.3,60.2,57.3,54.6,52.1,49.6,47.3,45.2,43.1,41.1,39.3,37.5,35.8,34.2,32.6,31.2,29.9,28.8,27.8,
Nauru,NRU,"Mortality rate, infant (per 1,000 live births)",SP.DYN.IMRT.IN,,,,,,,,,,,,,,,,,,,,,,,,,,54.4,52.6,50.9,49.2,47.5,46,44.4,42.9,41.4,40.1,38.7,37.5,36.4,35.3,34.3,33.4,32.6,32.1,31.6,31.4,31.3,31.4,31.6,31.8,31.8,31.6,31.2,30.7,30.1,29.4,28.8,28.1,27.3,
New Zealand,NZL,"Mortality rate, infant (per 1,000 live births)",SP.DYN.IMRT.IN,22.6,21.8,20.9,20,19.3,18.7,18.3,17.9,17.5,17.2,16.9,16.5,16.1,15.8,15.4,14.9,14.4,13.9,13.5,13.1,12.7,12.4,12.1,11.9,11.5,11.3,11,10.6,10.2,9.7,9.2,8.7,8.2,7.8,7.5,7.1,6.9,6.7,6.4,6.2,6.1,5.9,5.8,5.7,5.5,5.4,5.4,5.3,5.3,5.2,5.1,5,5,4.9,4.7,4.6,4.5,4.4,
OECD members,OED,"Mortality rate, infant (per 1,000 live births)",SP.DYN.IMRT.IN,,,,,,,,,,,,,,,,,,,,,,,,,,,,,,,17.00834292,16.2856547,15.56515564,14.87400112,14.199119,13.57312741,12.95980517,12.36197533,11.79555659,11.27592311,10.77474639,10.26972408,9.817675327,9.364978009,9.004398544,8.627334969,8.27227566,7.92709398,7.668226123,7.404515185,7.143365546,6.919071381,6.727671343,6.520791843,6.309208826,6.123190489,5.905640129,5.702366331,
Oman,OMN,"Mortality rate, infant (per 1,000 live births)",SP.DYN.IMRT.IN,,,224.8,214.6,204.9,195.9,186.7,177.8,168.9,160.3,152,144,136.5,128.8,121.3,114,106.8,99.7,92.4,85.4,78.6,72.2,66.1,60.2,54.9,50,45.5,41.5,37.9,34.7,31.8,29.2,26.7,24.4,22.4,20.6,19,17.6,16.3,15.2,14.2,13.3,12.5,11.9,11.4,11,10.7,10.4,10.2,10.1,10,9.9,9.8,9.7,9.6,9.6,9.7,9.7,
Other small states,OSS,"Mortality rate, infant (per 1,000 live births)",SP.DYN.IMRT.IN,,,,,,,,,,,,,,,,,,,,,,,,,,,,,,,65.84756324,65.07605781,64.53727776,64.16342501,63.92976268,63.69168255,63.41830351,63.06316174,62.54541437,61.88966397,61.06340386,60.10847814,59.00475463,57.84725112,56.48635646,54.63870849,52.65621179,51.1050152,49.87496404,48.25213033,46.34915027,45.05094261,43.74296385,42.45596436,41.36049038,40.17291681,38.93634115,37.87779381,
Pakistan,PAK,"Mortality rate, infant (per 1,000 live births)",SP.DYN.IMRT.IN,189.8,183.3,177.3,171.6,166.4,161.6,157.3,153.4,150,146.9,144.1,141.5,139,136.7,134.6,132.6,130.7,129,127.3,125.7,124,122.4,120.7,119,117.2,115.4,113.5,111.7,109.9,108.1,106.4,104.6,102.8,101.1,99.3,97.4,95.5,93.6,91.7,89.8,87.9,86.1,84.4,82.8,81.3,79.8,78.4,76.9,75.6,74.2,72.8,71.3,69.7,68.1,66.4,64.6,62.9,61.2,
Panama,PAN,"Mortality rate, infant (per 1,000 live births)",SP.DYN.IMRT.IN,65.8,64,62.3,60.6,59.1,57.6,56.2,54.8,53.4,51.8,50.1,48.1,46,44,42.1,40.5,39,37.8,36.8,35.9,34.9,33.8,32.8,31.7,30.6,29.6,28.7,27.8,27,26.2,25.6,25,24.5,24.1,23.8,23.5,23.3,23,22.7,22.4,22,21.6,21.1,20.6,20.1,19.6,19.2,18.7,18.2,17.7,17.2,16.7,16.2,15.7,15.3,14.8,14.3,13.9,
Peru,PER,"Mortality rate, infant (per 1,000 live births)",SP.DYN.IMRT.IN,135.6,132.4,129,125.5,121.9,118.3,114.9,111.8,108.9,106.3,103.8,101.3,98.7,96.2,93.7,91.4,89.3,87.5,86,84.5,82.9,81.2,79.3,76.9,74.2,71.3,68.2,65.1,62.2,59.5,57,54.3,51.7,48.9,46,43.1,40.2,37.4,34.6,32,29.6,27.5,25.5,23.8,22.2,20.8,19.6,18.5,17.5,16.6,15.8,15.1,14.4,13.7,13.1,12.6,12.1,11.6,
Philippines,PHL,"Mortality rate, infant (per 1,000 live births)",SP.DYN.IMRT.IN,66.1,64.3,62.8,61.5,60.3,59.2,58.2,57.3,56.5,55.8,55.2,54.9,54.6,54.5,54.5,54.4,54.4,54.2,54,53.6,53.2,52.6,52,51.4,50.5,49.4,48,46.3,44.4,42.5,40.5,38.6,37,35.5,34.3,33.2,32.2,31.4,30.7,30,29.4,28.8,28.2,27.6,27,26.5,26.1,25.6,25.2,24.9,24.5,24.2,23.9,23.6,23.3,23,22.7,22.2,
Palau,PLW,"Mortality rate, infant (per 1,000 live births)",SP.DYN.IMRT.IN,,,,,,,,,,,,,,,,,,,,,,,,,35.3,34.5,33.8,33.1,32.5,31.7,31,30.2,29.5,28.7,27.9,27,26.2,25.3,24.4,23.6,22.7,22,21.2,20.5,19.9,19.2,18.7,18.1,17.5,17,16.5,16,15.4,14.9,14.5,14,13.6,13.2,
Papua New Guinea,PNG,"Mortality rate, infant (per 1,000 live births)",SP.DYN.IMRT.IN,133.9,129.9,126,122.1,118.4,114.9,111.5,108.2,104.9,101.7,98.6,95.7,92.9,90.2,87.7,85.3,83,81,79,77.2,75.6,74,72.5,71.2,69.9,68.7,67.7,66.8,65.9,65,64.1,63.2,62.5,61.7,61,60.3,59.7,59.2,58.7,58.3,57.8,57.4,56.9,56.5,56.1,55.5,54.8,54,52.9,51.8,50.6,49.4,48.3,46.9,45.7,44.4,43.1,41.8,
Poland,POL,"Mortality rate, infant (per 1,000 live births)",SP.DYN.IMRT.IN,57.9,53,49.6,46.8,43.7,40.6,38,36,34.4,33.3,32.1,30.6,28.7,26.9,25.5,24.6,23.8,23.1,22.4,21.8,21.1,20.5,20,19.2,18.6,17.8,17.2,16.6,16,15.6,15.1,14.8,14.4,14,13.3,12.5,11.6,10.4,9.4,8.6,8.1,7.6,7.3,7,6.7,6.6,6.3,6,5.8,5.4,5.2,4.8,4.6,4.5,4.3,4.2,4.1,4,
Pre-demographic dividend,PRE,"Mortality rate, infant (per 1,000 live births)",SP.DYN.IMRT.IN,,,,,,,,,,,,,,,,,,,,,,,,,,,,,,,110.9266954,109.9549422,108.9312862,107.8635059,106.71686,105.3808016,103.8334587,102.023861,99.91909016,97.55286532,94.91484245,92.0511663,89.05818698,86.03131643,82.9772565,79.98358512,77.14692594,74.42341098,71.7416452,69.31028121,66.92967086,64.61371144,62.4205701,60.42724699,58.55088751,56.71430707,55.01359903,53.38004994,
Puerto Rico,PRI,"Mortality rate, infant (per 1,000 live births)",SP.DYN.IMRT.IN,,,,,,,,,,,,,,,,,,,,,,,,,,,,,,,,,,,,,,,,,,,,,,,,,,,,,,,,,,,
"Korea, Dem. People’s Rep.",PRK,"Mortality rate, infant (per 1,000 live births)",SP.DYN.IMRT.IN,,,,,,,,,,,,,,,,,,,,,,,,,,27.7,27.4,27.8,28.9,30.7,33.4,36.9,41.1,45.5,49.8,53.2,55.1,55,53.1,49.4,44.5,39.1,34.2,30.4,27.8,26.4,26,25.7,25.2,24.4,23.1,21.5,19.8,18.3,17,16,15.1,14.4,
Portugal,PRT,"Mortality rate, infant (per 1,000 live births)",SP.DYN.IMRT.IN,84.4,82.1,78.8,74.6,70.1,66.3,63.6,61.6,60.1,58.4,55.7,51.7,47.3,43.3,39.5,36,32.6,29.5,26.8,24.6,22.8,21.2,19.9,18.7,17.6,16.5,15.5,14.5,13.5,12.5,11.5,10.6,9.7,8.8,8.1,7.4,7,6.6,6.3,5.9,5.5,5.2,4.7,4.3,4,3.7,3.4,3.3,3.2,3.2,3.1,3.1,3,3,3,3,3.1,3.1,
Paraguay,PRY,"Mortality rate, infant (per 1,000 live births)",SP.DYN.IMRT.IN,60.5,60,59.6,59.3,59.1,58.9,58.7,58.5,58.3,58.1,57.8,57.4,56.8,56.3,55.6,54.8,53.9,53,52,50.9,49.7,48.4,47,45.6,44.2,42.8,41.4,40.1,38.8,37.5,36.3,35.2,34,33,32.1,31.2,30.4,29.8,29.2,28.6,28,27.4,26.8,26.3,25.7,25.1,24.5,23.9,23.3,22.6,22,21.4,20.8,20.2,19.6,19,18.4,17.9,
West Bank and Gaza,PSE,"Mortality rate, infant (per 1,000 live births)",SP.DYN.IMRT.IN,,,,,,,,,,,,,,,,76.9,72.8,69,65.4,62,58.8,55.9,53.1,50.4,47.9,45.5,43.3,41.1,39.1,37.3,35.7,34.2,32.9,31.7,30.6,29.5,28.5,27.6,26.7,25.9,25.1,24.5,23.9,23.3,22.7,22.2,21.7,21.2,20.7,20.3,19.9,19.6,19.4,19.1,18.9,18.6,18.3,17.9,
Pacific island small states,PSS,"Mortality rate, infant (per 1,000 live births)",SP.DYN.IMRT.IN,,,,,,,,,,,,,,,,,,,,,,,,,,,,,,,29.58047389,28.77858406,28.01547288,27.34826905,26.73060822,26.19399507,25.74255061,25.43706749,24.94895822,24.52837038,24.14403206,23.82273915,23.54764126,23.32781169,23.2496631,23.19716158,23.1804066,23.09604119,22.99319128,22.92374226,22.67165493,22.42257641,22.20492854,21.91599696,21.65924648,21.40654173,21.14167017,20.87528781,
Post-demographic dividend,PST,"Mortality rate, infant (per 1,000 live births)",SP.DYN.IMRT.IN,,,,,,,,,,,,,,,,,,,,,,,,,,,,,,,8.952464756,8.590673351,8.252754063,7.90235998,7.550653263,7.26013232,6.948316769,6.689769729,6.440095509,6.248213468,6.067512304,5.902957347,5.752433086,5.607922318,5.547840053,5.416311928,5.287543152,5.125314863,5.038427978,4.913577415,4.760993156,4.653204622,4.568958579,4.467298911,4.381420499,4.326728578,4.230799054,4.195967724,
French Polynesia,PYF,"Mortality rate, infant (per 1,000 live births)",SP.DYN.IMRT.IN,,,,,,,,,,,,,,,,,,,,,,,,,,,,,,,,,,,,,,,,,,,,,,,,,,,,,,,,,,,
Qatar,QAT,"Mortality rate, infant (per 1,000 live births)",SP.DYN.IMRT.IN,,,,,,,,,,53.6,50.5,47.6,44.8,42.3,40,37.8,35.9,34.2,32.6,31.1,29.7,28.5,27.3,26.1,24.9,23.7,22.5,21.3,20.1,19,17.8,16.7,15.6,14.7,13.9,13.2,12.6,12.1,11.6,11.2,10.8,10.4,10,9.6,9.3,8.9,8.6,8.4,8.2,8,7.8,7.6,7.4,7.3,7.1,6.9,6.7,6.5,
Romania,ROU,"Mortality rate, infant (per 1,000 live births)",SP.DYN.IMRT.IN,,,,52.3,46.5,45.5,49.4,54.5,55.6,52.2,47.1,42.5,39,37.2,36.2,35,33.1,31.3,30.2,29.5,28.6,27.3,25.8,24.7,24.1,24.6,25.8,27,26.9,25.7,24.4,23.4,22.8,22.4,22.2,22,21.8,21.4,20.4,19.2,18.3,17.7,17.4,16.9,16.3,15.2,13.7,12.2,11,10.2,9.7,9.6,9.4,9,8.4,7.8,7.2,6.6,
Russian Federation,RUS,"Mortality rate, infant (per 1,000 live births)",SP.DYN.IMRT.IN,,,,,,,,,,,31.2,29.9,28.8,27.7,26.7,25.8,25.1,24.5,24,23.6,23.2,22.8,22.4,22,21.6,21.1,20.5,19.9,19.2,18.8,18.5,18.4,18.5,18.7,18.8,18.7,18.5,18.2,17.8,17.2,16.6,15.8,14.8,13.9,12.9,11.9,11.1,10.3,9.7,9.2,8.9,8.7,8.4,8.1,7.8,7.3,6.9,6.5,
Rwanda,RWA,"Mortality rate, infant (per 1,000 live births)",SP.DYN.IMRT.IN,131.1,128.7,126.9,125.6,124.9,124.7,125,126,127.3,128.9,130.7,132.6,135.1,138.2,141.7,145,147.3,147.2,143.6,136.7,128.2,119.3,111.3,105.1,100.7,97.3,94.7,92.7,91.5,91.2,92.6,95.7,100.3,106.9,124.8,116.6,110.8,114.9,116.9,110.4,107.7,101,93.2,85,76.6,69.1,62.6,56.9,52.2,48.2,44.5,40.4,37.5,35,33,31.4,30.1,28.9,
South Asia,SAS,"Mortality rate, infant (per 1,000 live births)",SP.DYN.IMRT.IN,,,,,,,,,,,,,,,,,,,,,,,,,,,,,,,91.7,89.4,87.1,84.9,82.7,80.5,78.2,75.9,73.5,71.2,68.9,66.6,64.4,62.3,60.3,58.3,56.3,54.4,52.5,50.6,48.7,46.8,45,43.1,41.3,39.6,37.9,36.4,
Saudi Arabia,SAU,"Mortality rate, infant (per 1,000 live births)",SP.DYN.IMRT.IN,,,,,,,,,,,,,109.3,103.2,97.2,91.8,86.6,81.7,77,72.7,68.5,64.5,60.7,57.1,53.8,50.5,47.3,44.2,41.2,38.3,35.6,33.2,30.9,28.9,27,25.3,23.8,22.3,21,19.8,18.7,17.7,16.7,15.8,15,14.2,13.4,12.6,11.8,11.1,10.3,9.6,9,8.4,7.8,7.2,6.7,6.3,
Sudan,SDN,"Mortality rate, infant (per 1,000 live births)",SP.DYN.IMRT.IN,106.1,104.7,103.2,101.8,100.6,99.3,98.3,97.4,96.5,95.8,95.3,94.8,94.3,93.9,93.4,92.8,92.2,91.6,91.1,90.5,90,89.5,89,88.5,87.9,87.2,86.4,85.4,84.4,83.3,82.1,80.9,79.7,78.4,77,75.6,74.1,72.5,70.9,69.1,67.2,65.3,63.4,61.6,59.8,58.2,56.6,55.1,53.8,52.5,51.4,50.2,49.2,48.1,47,45.9,44.8,43.7,
Senegal,SEN,"Mortality rate, infant (per 1,000 live births)",SP.DYN.IMRT.IN,127.7,127.7,127.8,128,128.2,128.3,128.2,127.8,127.2,126.3,124.9,123.1,120.8,118.2,115.2,111.8,108,104.3,100.7,97.5,94.7,92.3,90.1,87.9,85.6,82.9,79.9,77.1,74.6,72.5,71.2,70.5,70.4,70.6,71,71.4,71.7,71.7,71.2,70.2,68.4,65.9,63,59.9,56.9,54,51.3,48.9,46.6,44.6,42.7,40.9,39.3,37.7,36.3,34.9,33.8,32.7,
Singapore,SGP,"Mortality rate, infant (per 1,000 live births)",SP.DYN.IMRT.IN,35.6,32.9,30.9,29.3,28.3,27.3,26.3,25.2,24.1,23,22,20.9,19.6,17.8,15.9,14.3,13.1,12.5,12.3,12.2,12,11.4,10.7,10,9.4,8.8,8.4,7.9,7.3,6.7,6.2,5.5,5,4.6,4.2,3.9,3.8,3.6,3.4,3.2,3,2.8,2.7,2.5,2.3,2.3,2.3,2.3,2.2,2.2,2.2,2.2,2.2,2.1,2.1,2.1,2.2,2.2,
Solomon Islands,SLB,"Mortality rate, infant (per 1,000 live births)",SP.DYN.IMRT.IN,126.1,120.2,114.8,109.8,104.7,100,95.1,90.1,85.1,80,74.9,70.1,65.7,61.6,57.9,54.5,51.4,48.5,45.9,43.6,41.7,40,38.6,37.3,36.1,35.1,34.2,33.4,32.6,31.9,31.2,30.5,29.8,29,28.3,27.6,27,26.5,26.1,25.6,25.2,24.9,24.7,24.4,24.2,24,23.7,23.2,22.8,22.2,21.7,21,20.4,19.8,19.2,18.7,18.1,17.6,
Sierra Leone,SLE,"Mortality rate, infant (per 1,000 live births)",SP.DYN.IMRT.IN,222.4,219.3,216.1,212.8,209.5,206.1,202.6,199.3,196.1,192.9,189.7,186.9,184.3,181.6,178.9,176.4,174.1,171.9,170,167.9,166.1,164.5,163,161.7,160.4,159.2,158.2,157.3,156.6,155.9,155.4,154.9,154.4,153.9,153.1,152,150.6,148.8,146.7,144.4,142,139.5,136.8,133.9,130.9,127.8,124.4,120.8,116.9,112.7,108.4,104.1,99.8,95.8,91.8,88.1,84.7,81.7,
El Salvador,SLV,"Mortality rate, infant (per 1,000 live births)",SP.DYN.IMRT.IN,124.8,122.4,120.1,118,116,114.1,112.2,110.4,108.5,106.6,104.8,102.9,100.9,98.6,96.2,93.6,90.7,87.7,84.5,81.1,77.6,73.9,70.1,66.4,62.8,59.5,56.3,53.5,50.8,48.4,46.1,43.9,41.8,39.8,37.7,35.7,33.8,32,30.2,28.7,27.2,25.8,24.6,23.4,22.2,21.1,20.1,19.1,18.2,17.4,16.6,15.8,15.1,14.5,13.9,13.4,12.9,12.5,
San Marino,SMR,"Mortality rate, infant (per 1,000 live births)",SP.DYN.IMRT.IN,,,,,,,,,,,,,,,,,,,,,,,,,13.8,13,12.2,11.5,10.8,10.2,9.6,9,8.5,8,7.5,7.1,6.7,6.3,5.9,5.6,5.2,4.9,4.7,4.4,4.1,3.9,3.7,3.5,3.3,3.1,2.9,2.7,2.6,2.4,2.3,2.2,2.1,2,
Somalia,SOM,"Mortality rate, infant (per 1,000 live births)",SP.DYN.IMRT.IN,,,,,,,,,,,,,,,,,,,,,,,,115.5,114.4,113.5,112.8,112.1,111.2,110,108.2,106.5,105.2,104.7,104.7,104.7,104.7,104.7,104.7,104.7,104.7,104.7,104.7,104.7,104.7,104.7,104.3,103.2,101.4,99.3,96.9,94.1,91.6,89,86.6,84.3,82.1,79.7,
Serbia,SRB,"Mortality rate, infant (per 1,000 live births)",SP.DYN.IMRT.IN,,,,,,,,,,,,,,,,,,,,,,,,,34.4,33.4,32.5,31.3,29.1,26.6,24.3,22.5,21.1,19.9,18.7,16.9,15,13.3,12.1,11.4,10.9,10.5,10,9.2,8.4,7.7,7.3,7,6.9,6.8,6.6,6.5,6.2,6,5.8,5.5,5.2,5,
Sub-Saharan Africa (excluding high income),SSA,"Mortality rate, infant (per 1,000 live births)",SP.DYN.IMRT.IN,,,,,,,,,,,,,,,,,,,,,,,,,,,,,,,107.7605727,106.8969495,106.0030157,105.0873335,104.209794,102.8616336,101.3437501,99.69233338,97.75030101,95.46079161,92.96215962,90.20031519,87.30050554,84.31961187,81.31026893,78.34323248,75.52344623,72.75488002,70.06922813,67.52981045,65.11969296,62.79321363,60.58528419,58.56045199,56.65037126,54.8418596,53.13961646,51.54633824,
South Sudan,SSD,"Mortality rate, infant (per 1,000 live births)",SP.DYN.IMRT.IN,,,,,,,,,,,,,,,,,,,,175.3,173.4,171.5,169.7,167.6,165.8,163.6,161.1,158.4,155.6,152.9,150,146.9,143.7,140.2,136.4,132.4,128.5,124.3,119.7,114.8,109.9,104.8,100,95.3,90.9,86.6,82.6,78.9,75.3,71.8,68.5,65.7,63.7,62.8,62.5,62.5,62.5,62.5,
Sub-Saharan Africa,SSF,"Mortality rate, infant (per 1,000 live births)",SP.DYN.IMRT.IN,,,,,,,,,,,,,,,,,,,,,,,,,,,,,,,107.8,106.9,106,105.1,104.2,102.8,101.3,99.7,97.7,95.5,93,90.2,87.3,84.3,81.3,78.3,75.5,72.8,70.1,67.5,65.1,62.8,60.6,58.5,56.7,54.9,53.1,51.5,
Small states,SST,"Mortality rate, infant (per 1,000 live births)",SP.DYN.IMRT.IN,,,,,,,,,,,,,,,,,,,,,,,,,,,,,,,56.41470955,55.76569155,55.26777143,54.90980016,54.65000455,54.39128149,54.12653287,53.80464231,53.36262594,52.83876159,52.18618017,51.45483131,50.61963581,49.75607999,48.74679682,47.3631325,45.86725881,44.69938085,43.76363814,42.51181001,41.01685772,39.98012528,38.92574181,37.87023672,36.95775925,35.96367541,34.92418975,34.02399896,
Sao Tome and Principe,STP,"Mortality rate, infant (per 1,000 live births)",SP.DYN.IMRT.IN,,,,,,63.2,61.2,59.5,58.1,57.2,56.8,56.8,57,57.4,57.8,58.1,58.3,58.5,58.6,58.9,59.4,60.1,60.9,62,63.3,64.6,65.8,66.9,67.9,68.7,69.4,69.8,69.8,69.5,68.7,67.4,65.7,63.6,61.2,58.7,56,53.3,50.5,47.8,45.4,43,40.8,38.8,36.9,35.2,33.5,31.9,30.5,29.2,28.1,27.1,26.1,25.2,
Suriname,SUR,"Mortality rate, infant (per 1,000 live births)",SP.DYN.IMRT.IN,,,,,,,,,,,,,,,,,,,,,,,,48.4,47.2,46.1,45.1,44.1,43.1,42,40.9,39.9,38.8,37.7,36.6,35.5,34.4,33.3,32.2,31.2,30.2,29.2,28.3,27.3,26.5,25.6,24.8,24,23.3,22.5,21.9,21.2,20.5,19.8,19.2,18.7,18.1,17.5,
Slovak Republic,SVK,"Mortality rate, infant (per 1,000 live births)",SP.DYN.IMRT.IN,,,,,,,,,,,,,,,,,,,,,,18.9,18.1,17.3,16.5,15.8,15.1,14.4,13.8,13.2,12.6,12.1,11.5,11.1,10.6,10.2,9.7,9.3,8.9,8.6,8.2,7.9,7.6,7.3,7.1,6.8,6.6,6.4,6.1,6,5.8,5.6,5.5,5.3,5.1,5,4.8,4.6,
Slovenia,SVN,"Mortality rate, infant (per 1,000 live births)",SP.DYN.IMRT.IN,,,,,,,,,,,,,,,,,,,,,,15.5,14.6,13.8,13,12.3,11.5,10.8,10.1,9.4,8.8,8.2,7.7,7.2,6.7,6.3,5.9,5.5,5.2,4.9,4.6,4.4,4.1,3.9,3.7,3.5,3.3,3.1,2.9,2.8,2.6,2.4,2.3,2.2,2,1.9,1.8,1.7,
Sweden,SWE,"Mortality rate, infant (per 1,000 live births)",SP.DYN.IMRT.IN,16.3,16,15.6,15,14.3,13.7,13,12.5,12.1,11.7,11.3,10.9,10.4,9.8,9.3,8.7,8.3,7.9,7.6,7.3,7.1,6.9,6.8,6.6,6.5,6.4,6.3,6.2,6.1,6.1,5.9,5.5,5.2,4.8,4.4,4,3.8,3.6,3.5,3.4,3.4,3.4,3.3,3.2,3.1,3,2.8,2.7,2.6,2.6,2.5,2.5,2.5,2.4,2.4,2.4,2.4,2.3,
Eswatini,SWZ,"Mortality rate, infant (per 1,000 live births)",SP.DYN.IMRT.IN,142.7,141.2,139.5,137.5,135.1,132.5,130,127.5,125.2,123,120.4,117.6,114.2,110.3,106,101.5,97.3,93.4,89.8,86.3,82.7,79,75.1,71,66.8,62.9,59.4,56.4,54.2,52.7,52,52.4,53.8,56.4,60,64.1,68.2,72,75.4,78.2,80.3,81.9,82.7,82.8,81.7,80,72.6,70.6,69,64.6,60.6,56.4,51.3,48.7,46.5,42.5,41.2,40.8,
Sint Maarten (Dutch part),SXM,"Mortality rate, infant (per 1,000 live births)",SP.DYN.IMRT.IN,,,,,,,,,,,,,,,,,,,,,,,,,,,,,,,,,,,,,,,,,,,,,,,,,,,,,,,,,,,
Seychelles,SYC,"Mortality rate, infant (per 1,000 live births)",SP.DYN.IMRT.IN,73.2,72,70.6,69.2,67.6,65.9,64,61.8,59.3,56.8,54.1,51.4,48.6,45.7,42.7,39.7,36.5,33.5,30.6,27.8,25.4,23.2,21.4,19.9,18.7,17.6,16.8,16.1,15.4,14.9,14.4,13.9,13.4,13,12.7,12.4,12.1,11.9,11.8,11.7,11.7,11.8,11.8,11.9,12,12,12.1,12.1,12.2,12.2,12.3,12.3,12.4,12.4,12.4,12.4,12.4,12.2,
Syrian Arab Republic,SYR,"Mortality rate, infant (per 1,000 live births)",SP.DYN.IMRT.IN,116.4,111.3,106.4,101.8,97.5,93.2,89.2,85.2,81.4,77.6,74.1,70.6,67.4,64.4,61.5,58.8,56.2,53.7,51.3,49.1,46.9,44.8,42.8,40.9,39.1,37.4,35.9,34.4,33.1,31.7,30.5,29.3,28.1,26.9,25.8,24.7,23.6,22.6,21.7,20.7,19.9,19,18.2,17.5,16.8,16.1,15.4,14.8,14.3,13.9,13.8,13.8,14.1,14.1,14,14,14.1,14,
Turks and Caicos Islands,TCA,"Mortality rate, infant (per 1,000 live births)",SP.DYN.IMRT.IN,,,,,,,,,,,,,,,,,,,,,,,,,,,,,,,,,,,,,,,,,,,,,,,,,,,,,,,,,,,
Chad,TCD,"Mortality rate, infant (per 1,000 live births)",SP.DYN.IMRT.IN,,,,,,,,,,,,,128,127.5,127,126.4,125.9,125.2,124.7,124,123.3,122.4,121.4,120.3,119.2,118.1,116.9,115.7,114.5,113.3,112.1,110.9,109.8,108.7,107.7,106.8,105.8,104.8,103.6,102.3,100.9,99.4,98,96.6,95.1,93.6,92.1,90.4,88.7,87,85.2,83.4,81.7,80.1,78.4,76.7,75,73.4,
East Asia & Pacific (IDA & IBRD countries),TEA,"Mortality rate, infant (per 1,000 live births)",SP.DYN.IMRT.IN,,,,,,,,,,,,,,,,,,,,,,,,,,,,,,,45.59252203,44.80297739,43.89798328,42.74027197,41.56903499,40.25951386,38.99155386,37.61027409,36.25142963,34.81497516,33.34016333,31.73622653,30.05076518,28.32842743,26.94419382,25.17276821,23.72397964,22.38108466,21.34755121,20.05702802,19.0600548,18.0891044,17.15185401,16.37766683,15.63805263,14.92840486,14.36897632,13.78412158,
Europe & Central Asia (IDA & IBRD countries),TEC,"Mortality rate, infant (per 1,000 live births)",SP.DYN.IMRT.IN,,,,,,,,,,,,,,,,,,,,,,,,,,,,,,,35.82449739,35.64773165,35.60428827,35.51795348,35.24064528,34.64665104,33.78156519,32.65205547,31.34631234,29.90682881,28.43508315,26.90504449,25.40347127,23.95134349,22.55038015,21.24001573,20.02022064,18.8540832,17.79809851,16.82993487,15.95634391,15.16117502,14.40121372,13.66478254,12.9648748,12.25704377,11.60206786,10.97857052,
Togo,TGO,"Mortality rate, infant (per 1,000 live births)",SP.DYN.IMRT.IN,159.6,156.8,154,151.3,148.6,145.9,143.1,140.3,137.6,134.7,131.8,129.2,126.5,123.8,121.2,118.7,116.2,113.7,111.3,109,106.8,104.6,102.6,100.6,98.8,97,95.4,93.9,92.5,91.3,90.1,89,87.9,86.8,85.6,84.3,82.8,81.3,79.6,77.9,76.1,74.2,72.4,70.6,68.8,67.1,65.4,63.8,62.2,60.6,59,57.6,56.1,54.7,53.3,51.9,50.5,49.2,
Thailand,THA,"Mortality rate, infant (per 1,000 live births)",SP.DYN.IMRT.IN,101.4,98.2,95,91.8,88.8,85.8,82.8,79.9,77,74,71,68.2,65.3,62.6,60,57.5,55.1,52.9,50.8,48.8,46.8,44.9,43.1,41.3,39.6,38,36.4,34.8,33.2,31.7,30.2,28.7,27.4,26,24.8,23.6,22.5,21.5,20.5,19.5,18.6,17.7,16.9,16.1,15.3,14.6,13.9,13.2,12.6,12,11.4,10.9,10.4,9.9,9.4,9,8.5,8.2,
Tajikistan,TJK,"Mortality rate, infant (per 1,000 live births)",SP.DYN.IMRT.IN,,,,,,,,,,,,,119,115.2,111.6,108.3,105.5,103.4,101.9,101.1,100.4,99.9,99.2,97.9,95.9,93.1,89.9,86.4,83.5,82.2,82.6,84.5,87.4,90.1,91.1,89.9,87.2,83.7,79.7,75.2,70.5,65.6,60.8,56.3,52.2,48.5,45.5,42.8,40.5,38.6,36.9,35.5,34.3,33.2,32.2,31.3,30.3,29.4,
Turkmenistan,TKM,"Mortality rate, infant (per 1,000 live births)",SP.DYN.IMRT.IN,,,,,,,,,,,,,,,,,,104.9,101.4,98,94.7,91.5,88.3,85.1,82,79,76.2,73.6,71.3,69.5,68.2,67.6,67.6,67.9,68.4,68.9,69.1,69,68.2,67,65.5,63.8,62.2,60.6,59.1,57.5,55.9,54.5,53,51.4,49.8,48.4,47.1,45.7,44.4,43,41.7,40.6,
Latin America & the Caribbean (IDA & IBRD countries),TLA,"Mortality rate, infant (per 1,000 live births)",SP.DYN.IMRT.IN,,,,,,,,,,,,,,,,,,,,,,,,,,,,,,,44.00915279,42.30957707,40.59507143,38.8571125,37.14262322,35.43864122,33.75587684,32.12450549,30.64698899,29.11195368,27.64202558,26.29288753,25.0200333,23.86641938,22.76632174,21.73655879,20.83576494,19.97826477,19.25080782,18.54448271,18.58360504,17.35550175,16.83832785,16.37959884,15.99417848,15.63261616,15.6296691,15.05723963,
Timor-Leste,TLS,"Mortality rate, infant (per 1,000 live births)",SP.DYN.IMRT.IN,,,,,,,,,,,,,,,,,,,,,,,,,,161.8,154.8,148.2,142,136,130.5,125.2,120.1,115.3,110.5,105.9,101.4,97.2,93,88.9,84.9,81.1,77.2,73.5,69.8,66.2,62.7,59.5,56.6,54.1,52,50,48.2,46.5,44.9,43.6,42.2,40.8,
Middle East & North Africa (IDA & IBRD countries),TMN,"Mortality rate, infant (per 1,000 live births)",SP.DYN.IMRT.IN,,,,,,,,,,,,,,,,,,,,,,,,,,,,,,,52.61759474,50.81418965,49.15532673,47.55003806,45.93395138,44.35510418,42.7737118,41.20502397,39.69254517,38.2036043,36.7260294,35.3005067,33.89474907,32.56648199,31.26795624,30.0413527,28.81488764,27.6747184,26.56732358,25.55486793,24.72552219,23.99697101,23.38558136,22.84320921,22.33507348,21.81913926,21.36503035,20.93290794,
Tonga,TON,"Mortality rate, infant (per 1,000 live births)",SP.DYN.IMRT.IN,,,,58.6,55.6,52.7,49.9,47.1,44.3,41.7,39.2,37,35,33.2,31.7,30.2,29,27.8,26.6,25.6,24.7,23.9,23.2,22.6,22.1,21.7,21.2,20.7,20.1,19.5,18.8,18.2,17.6,17,16.6,16.2,16,15.8,15.5,15.3,15,14.8,14.5,14.3,14.2,14.2,14.3,14.4,14.5,14.7,14.9,15,15,14.9,14.7,14.4,14.1,13.7,
South Asia (IDA & IBRD),TSA,"Mortality rate, infant (per 1,000 live births)",SP.DYN.IMRT.IN,,,,,,,,,,,,,,,,,,,,,,,,,,,,,,,91.72832962,89.40056348,87.07278182,84.91049907,82.66851653,80.43831802,78.20821891,75.84231339,73.49011157,71.22045861,68.90389829,66.62038445,64.45351694,62.32758305,60.26925484,58.2435648,56.36524101,54.41545513,52.51555206,50.62469695,48.73649514,46.84901424,44.95145455,43.12180395,41.34924211,39.55278927,37.91938238,36.35714404,
Sub-Saharan Africa (IDA & IBRD countries),TSS,"Mortality rate, infant (per 1,000 live births)",SP.DYN.IMRT.IN,,,,,,,,,,,,,,,,,,,,,,,,,,,,,,,107.7536741,106.8903012,105.9966253,105.0812141,104.2039453,102.8560683,101.3384498,99.68726663,97.74544768,95.45612898,92.95767003,90.19599669,87.29635454,84.31564077,81.30648553,78.33964017,75.52005109,72.75168219,70.06623083,67.52700193,65.11707475,62.7907767,60.58302695,58.55836,56.64843435,54.84006982,53.13796379,51.54480542,
Trinidad and Tobago,TTO,"Mortality rate, infant (per 1,000 live births)",SP.DYN.IMRT.IN,55.5,53.9,52.2,50.7,49.3,48.1,47.1,46.1,45.2,44.4,43.6,42.8,42,41.2,40.4,39.4,38.5,37.5,36.5,35.5,34.6,33.7,32.8,32.1,31.4,30.7,30.2,29.7,29.4,29,28.7,28.6,28.4,28.4,28.4,28.4,28.5,28.5,28.6,28.7,28.7,28.8,28.8,28.8,28.9,28.9,28.8,28.8,28.5,28.1,27.6,27.1,26.5,25.8,25.2,24.5,23.8,23.1,
Tunisia,TUN,"Mortality rate, infant (per 1,000 live births)",SP.DYN.IMRT.IN,,,181.1,172.5,164.4,156.4,148.6,141.2,134.2,127.4,121.1,115.3,109.8,104.4,98.9,93.4,88,82.7,77.7,73.1,69,65.3,62,59,56.2,53.6,51.2,49.1,47.2,45.4,43.9,42.3,40.8,39.2,37.5,35.6,33.8,31.8,29.9,28.1,26.3,24.8,23.3,22,20.8,19.6,18.5,17.5,16.6,15.7,14.9,14.2,13.6,13,12.5,12,11.6,11.2,
Turkey,TUR,"Mortality rate, infant (per 1,000 live births)",SP.DYN.IMRT.IN,172.6,167.3,161.9,156.5,151.5,146.8,142.4,138.2,134.2,130.4,126.6,122.9,119.2,115.6,112,108.3,104.5,100.7,96.9,93.1,89.3,85.5,81.7,78,74.4,70.9,67.5,64.3,61.2,58.3,55.4,52.8,50.2,47.6,45.2,42.8,40.5,38.2,36,33.9,31.9,29.9,28.1,26.3,24.6,23.1,21.6,20.2,18.8,17.6,16.4,15.3,14.3,13.3,12.4,11.6,10.8,10,
Tuvalu,TUV,"Mortality rate, infant (per 1,000 live births)",SP.DYN.IMRT.IN,,,,,,,,,,,,,,,,60.8,58.6,56.6,54.8,53.2,51.6,50.2,49,47.9,47.1,46.4,45.9,45.5,45.1,44.7,44.3,43.7,43,42.1,41.1,40,38.8,37.5,36.2,34.9,33.8,32.8,31.9,31,30.3,29.6,28.9,28.1,27.4,26.7,25.9,25.1,24.4,23.7,23,22.4,21.7,21,
Tanzania,TZA,"Mortality rate, infant (per 1,000 live births)",SP.DYN.IMRT.IN,143.2,141.9,140.4,138.9,137.3,135.4,133.5,131.5,129.6,127.8,126,124.1,122.2,120.2,118,115.7,113.5,111.2,109.3,107.7,106.6,106.2,106.1,106.2,106.3,106,105.2,104.2,102.9,101.5,100.3,99.3,98.3,97.2,96.1,94.6,92.8,90.4,87.3,83.6,79.5,75.1,70.6,66.5,62.7,59.3,56.8,54.2,51.9,50.3,48.1,46.2,44.8,43.5,42.4,41,39.7,38.3,
Uganda,UGA,"Mortality rate, infant (per 1,000 live births)",SP.DYN.IMRT.IN,131.5,128.9,126.5,124.2,122,120,118,116.3,114.8,113.6,112.8,112.7,113.1,114.1,115.6,117.5,119.7,122,123.8,125.1,126,125.3,123.2,120.2,117.1,114.6,112.6,111.3,110.2,109,107.2,105.1,103,101.1,99.4,98,96.8,95.4,93.7,91.4,88.4,84.9,80.9,76.7,72.3,68,64,60.2,56.7,53.9,51,48.3,45.1,42.9,41,39,37,35.4,
Ukraine,UKR,"Mortality rate, infant (per 1,000 live births)",SP.DYN.IMRT.IN,,,,,,,,,,,,28,27,26.2,25.5,24.9,24.4,24,23.6,23.1,22.6,22,21.3,20.5,19.8,19,18.3,17.6,17.1,16.8,16.6,16.6,16.7,16.9,17.2,17.4,17.4,17.3,17,16.5,15.8,15.1,14.4,13.7,13,12.5,12,11.6,11.1,10.6,10.1,9.6,9.2,8.8,8.4,8.1,7.8,7.5,
Upper middle income,UMC,"Mortality rate, infant (per 1,000 live births)",SP.DYN.IMRT.IN,,,,,,,,,,,,,,,,,,,,,,,,,,,,,,,41.1,40.3,39.4,38.3,37.1,35.8,34.5,33.1,31.8,30.4,29,27.5,26,24.5,23,21.6,20.3,19.1,18,16.9,16,15.3,14.5,13.8,13.2,12.6,12.2,11.6,
Uruguay,URY,"Mortality rate, infant (per 1,000 live births)",SP.DYN.IMRT.IN,57.7,56.5,55,53.6,52.7,52.1,51.7,51.4,50.7,49.7,48.5,47.8,47.9,48.4,49.1,49.4,48.7,46.5,43.3,39.4,35.4,32,29.4,27.6,26.3,25.4,24.4,23.2,22.1,21.1,20.2,19.6,19.1,18.7,18.4,18,17.4,16.7,16,15.3,14.8,14.4,14.1,13.7,13.2,12.5,11.7,10.9,10.2,9.7,9.2,8.8,8.5,8.2,8,7.6,7.3,7,
United States,USA,"Mortality rate, infant (per 1,000 live births)",SP.DYN.IMRT.IN,25.9,25.4,24.9,24.3,23.8,23.3,22.7,22,21.3,20.6,19.9,19.1,18.3,17.5,16.7,15.9,15.2,14.5,13.8,13.2,12.6,12.1,11.7,11.3,10.9,10.6,10.4,10.1,10,9.7,9.4,9.1,8.8,8.5,8.2,8,7.7,7.5,7.3,7.2,7.1,7,6.9,6.8,6.9,6.8,6.7,6.5,6.5,6.4,6.2,6.1,6.1,6,5.9,5.8,5.7,5.7,
Uzbekistan,UZB,"Mortality rate, infant (per 1,000 live births)",SP.DYN.IMRT.IN,,,,,,,,,,,,,,,,,,,,95.9,90.5,85.3,80.5,76.2,72.3,68.7,65.7,63.2,61.3,59.9,59.2,58.9,58.8,58.6,58.2,57.7,57.1,56.2,55.1,53.7,52,50.1,48.1,46,44,41.9,39.8,37.6,35.6,33.6,31.6,29.6,27.8,26,24.3,22.7,21.3,20,
St. Vincent and the Grenadines,VCT,"Mortality rate, infant (per 1,000 live births)",SP.DYN.IMRT.IN,,,,,,,,,,44.9,47.6,50.5,53.1,55,56.1,55.9,54.3,51.7,48.4,44.9,41.5,38.2,35.1,32.2,29.5,27.1,25.1,23.4,22,21,20.2,19.6,19.2,19,19,19.1,19.2,19.4,19.4,19.5,19.6,19.6,19.6,19.7,19.7,19.8,19.8,19.7,19.5,19.2,18.8,18.2,17.7,17.1,16.5,15.9,15.4,14.9,
"Venezuela, RB",VEN,"Mortality rate, infant (per 1,000 live births)",SP.DYN.IMRT.IN,58.9,57.2,55.7,54.5,53.4,52.5,51.7,50.8,49.9,49,47.9,46.6,45.4,44.2,43.1,41.9,40.7,39.4,38,36.7,35.3,34,32.8,31.7,30.6,29.7,28.7,27.8,26.7,25.7,24.7,23.9,23.3,22.9,22.5,22.1,21.5,20.8,20,20.2,18.5,17.9,17.4,16.9,16.4,15.9,15.4,15,14.6,14.4,14.3,14.3,14.6,15.4,16.9,19.2,22.2,25.7,
British Virgin Islands,VGB,"Mortality rate, infant (per 1,000 live births)",SP.DYN.IMRT.IN,,,,,,,,,,,,,,,,,,,,,,,,,,,,,,,,,,,,,,,,,,,,,,,,,,,,,,,,,,,
Virgin Islands (U.S.),VIR,"Mortality rate, infant (per 1,000 live births)",SP.DYN.IMRT.IN,,,,,,,,,,,,,,,,,,,,,,,,,,,,,,,,,,,,,,,,,,,,,,,,,,,,,,,,,,,
Vietnam,VNM,"Mortality rate, infant (per 1,000 live births)",SP.DYN.IMRT.IN,,,,,56.3,56,55.6,55.3,55,54.6,54.2,53.7,53.2,52.6,51.9,51.1,50.3,49.4,48.4,47.5,46.5,45.7,44.9,44.1,43.4,42.7,41.8,40.8,39.7,38.4,37,35.6,34.1,32.6,31.1,29.6,28.2,26.8,25.6,24.4,23.4,22.5,21.6,20.9,20.3,19.8,19.4,19.1,18.8,18.5,18.3,18.1,17.9,17.7,17.5,17.3,17,16.7,
Vanuatu,VUT,"Mortality rate, infant (per 1,000 live births)",SP.DYN.IMRT.IN,105.6,103.2,100.6,97.8,94.9,91.9,89,85.9,83,79.9,77.1,74.4,71.7,69.2,66.7,64.4,62.1,59.7,57.3,54.7,52,49.1,46.3,43.3,40.6,38,35.7,33.7,32,30.5,29.3,28.2,27.2,26.5,25.8,25.4,25,25.5,24.4,24.2,23.9,23.8,23.6,23.6,23.6,23.7,23.8,24,24.1,24.2,24.4,24.5,24.5,24.3,24,23.6,23.2,22.6,
World,WLD,"Mortality rate, infant (per 1,000 live births)",SP.DYN.IMRT.IN,,,,,,,,,,,,,,,,,,,,,,,,,,,,,,,64.7,63.8,63,62.2,61.3,60.3,59.2,58,56.6,55.1,53.6,51.9,50.1,48.3,46.6,44.9,43.2,41.6,40.1,38.6,37.2,35.8,34.5,33.3,32.2,31.2,30.3,29.4,
Samoa,WSM,"Mortality rate, infant (per 1,000 live births)",SP.DYN.IMRT.IN,,,,,,,,,,,,,,,,,,,,,,,,,31.1,30,28.9,27.9,26.9,26.1,25.4,24.6,23.9,23.2,22.4,21.7,21.1,20.4,19.8,19.2,18.6,18.1,17.6,17.2,16.9,16.6,16.4,16.3,16.2,17.1,16,15.9,15.7,15.5,15.2,14.9,14.5,14.2,
Kosovo,XKX,"Mortality rate, infant (per 1,000 live births)",SP.DYN.IMRT.IN,,,,,,,,,,,,,,,,,,,,,,,,,,,,,,,,,,,,,,,,,,,,,,,,,,,,,,,,,,,
"Yemen, Rep.",YEM,"Mortality rate, infant (per 1,000 live births)",SP.DYN.IMRT.IN,,,,,267.5,260.6,253.1,244.7,236.2,227.3,218.7,210.3,202.3,194.6,187.2,179.6,171.6,163.3,155,146.9,139,131.2,123.8,117.1,111.1,105.8,101.4,97.5,94,91,88.5,86.2,84.2,82.5,81,79.5,78.1,76.4,74.3,71.7,68.9,66,63,60,57.3,54.6,52,49.6,47.2,45.2,43.9,43.3,43.2,43.2,43.2,43.2,43.2,43.2,
South Africa,ZAF,"Mortality rate, infant (per 1,000 live births)",SP.DYN.IMRT.IN,,,,,,,,,,,,,,,90.7,86.4,82.3,78.4,74.7,71.2,68,65,62.2,59.6,57.3,55.1,53.1,51.2,49.6,48.1,46.9,46.1,45.7,45.7,46.2,47.1,48.2,49.2,50.3,51.2,52.1,52.9,53.6,53.5,52.9,52,50.5,47.2,44.8,40.4,38.4,37.3,36.1,34.2,32.5,31.8,30,28.8,
Zambia,ZMB,"Mortality rate, infant (per 1,000 live births)",SP.DYN.IMRT.IN,122.2,120,118,116.3,115,114,113.3,112.8,112.1,110.8,108.9,106.2,103.3,100.3,97.9,96.1,95.1,94.8,95,95.3,95.8,96.4,97.3,98.6,100.4,102.6,105,107,108.7,109.9,110.5,110.8,110.7,110.1,108.8,107.1,105.5,104,102.4,100,96.6,91.6,85.3,79,72.7,66.8,62.7,60.9,57.9,55.6,53.4,51.5,49.6,48.3,46.3,44.2,43,41.5,
Zimbabwe,ZWE,"Mortality rate, infant (per 1,000 live births)",SP.DYN.IMRT.IN,92.5,90,87.5,85,82.5,80,77.8,75.8,74.2,72.9,72,71.3,70.8,70.6,70.6,70.6,70.5,70.3,69.9,69,67.4,65.1,62.3,59.3,56.4,53.9,52,50.7,50.1,50.1,50.8,51.9,53.3,55,56.6,58.3,59.2,59.6,59.4,58.9,58.4,58,57.9,57.7,58.4,59,60,60.1,59.1,57.5,55.1,52.2,48.4,45.4,42.3,40.2,38.2,36.5,